pubchem_CID,IUPAC Name,01,02,03,04,05,06,07,08,09,10,11,12,13,14,15,16,17,18,19,20,21,22,23,24,25,26,27,28,29,30,31,32,33,34,35,36,37,38,39,40,41,42,43,44,45,46,47,48,49,50,51,52,53
576372,"3,3-dimethylindazole  ",216795,183174.2,178912.6,375827,230191,333380,72858.45,79478.04,579260,32685.77,372637,156111.7,279934.3,151796,123840.7,242909,198122,264815,408672,107339,163943,145056,100436.1,3827.903,73831.27,202033.7,269062,168726,339225,166110,46884,75219.19,217065,356356,218413.7,239058.5,55518.92,125334,92309,117865,248203,274254,158495.6,485083,272018,414.828,111625,175743.4,299132,127920,122381,508384,107572.3
17100,2-(4-methylcyclohex-3-en-1-yl)propan-2-ol ,25171,35426,34209,21397,214153,26195,35519,33562,30236,202042,431180,29238.09,106970,305375,237614,12626.54,42061,27835,19608.99,19490.28,14597.87,10803.11,30437.34,20547.8,86373,154821,19014.65,13882.79,18461.01,403456,8121.712,325870.1,17653.68,466459,76080.59,397372,206126,425199,24550.37,144897,18831.49,36871,300054,568744,679193,2868.444,306974,25128.89,380882,92716,25559,20315.15,114036.9
6429350,"1-[(1R,7R)-4-methylidene-7-propan-2-yl-1,2,3,3a,5,6,7,7a-octahydroinden-1-yl]ethanone  ",7408.786,10494,12477.32,15453,9553.717,8565.384,9487.618,13444,13670,13849,17507.82,10346,16189,8438,22258.79,13419,14966,19252,8804,11281,11819,9555,12563.5,11894,13206,17511.9,8106,8462,9834.596,17372,8921.497,6147.39,10409.84,6870,15771.63,6102,10005,6817,6615,14919,8293,8945,20005,17760,19044.29,20172,15264,20327.42,16711,10922.07,8881.243,11528.51,11818
16821,5-octyloxolan-2-one  ,14733,13814,16758,6268,7703,11520,5838,11079,12114,10435,15523,11795,9334,18101,7608,12010,9380,9224,8087,1853.588,2288.061,2919,2289.786,2290.279,3031,2127.728,2487,3351.607,2487.517,2642.03,3125,1658.98,2078.813,2437.396,5148,5434,5272,2522,2019.267,2520.127,17377,6104,2090.91,2648.281,5635,1624.227,3437,3673,1946.122,2162.025,1776.747,1418.007,2403.46
6818,"1-O-butyl 2-O-(2-ethylhexyl) benzene-1,2-dicarboxylate  ",16529.29,18672.44,24887.01,12462.35,11847.26,20280.6,6899,16755.59,10995,16815.11,38733,19771.89,16161.73,18600.33,20686.82,20261.03,11709,43358.68,13273.9,8757,11549,16908,14119,15167.29,11957,13168,6362,5010,3739,18507.89,23929.85,8172,12543,6485,13977,10897,6843,6523,5375,20621,8691,11757,31733.98,15456,32169,21294.95,18412.63,34623,27419.2,17341,9890,11447,14742.61
91711798,[2-(2-acetyloxyacetyl)oxyphenyl] 3-fluorobenzoate  ,8402,24802,21910,20550,20402,9514,6257,11220,6508,6187,1462.899,4828.367,14174,912.1083,36448,3395.776,6720,7607,3334,4618,4460,3209,6894,4303,8148,10876,3803,2624.247,12423,2949.409,1787.133,813.0826,3487,1113.753,6853,1235.144,16682,6487,4738,13025,4757.101,6870,5546,26605,1333.521,5064.758,3548.256,4729.691,7440,6232,13045,2668.569,10104
76888,"N'-propan-2-ylpropane-1,3-diamine  ",2185.995,59906,7087,1773.188,4361,4103,5923,2813.223,8404,13748,6813,23289,268.8593,1727.191,21370,5838,76.15115,93.17436,12053,2469.949,2892,1068.547,5713,1101.853,2262.777,11425,231.7831,2280,2851,42591,557.3118,4123.587,759.2165,9601,12101,12813,75.90149,9392,1897.626,4043,4789,1528.532,4065,4293,108.6409,3697071,11382,3435.855,19998,7742,16462.55,4949,12921
136353,"2,3-dihydro-1,4-dioxine  ",2317.079,80487,54145,59962,72684,71187,5442.234,47873.98,48888,62621,80264,49643,69051,8560,3292.598,76992,985.3049,75251,63896.13,40941,74238.83,67668,2452.855,2291.149,61158,44983.67,53295.29,65346,46992,46480.78,12919.64,52964,43627,66668,44066,48617,57697,50229,68105,109666,54794,50658,77609,103637,1819.623,52793.40833,66016.07,56899,46311,84925,64310,71908,72422
136569,"2,3,3-trimethylpenta-1,4-diene  ",19142,19610,29740,23105,44749,26945,23875,43728,40643,42665,65354,27494,24140,76560,46505,506098,147204,42305,22833,21287,18627,21298,28696,44998,17984,45602,28326,38112,14288,64042,19069,47497,17605,98568,20796,96623,36063,75339,35178,57633,15122,35572,72234,116342,146737,30556.84,46613,248262,60203,36462,22580,15203,28591
146102,"2,6-ditert-butyl-4-hydroxy-4-methylcyclohexa-2,5-dien-1-one  ",8074.558,9534.439,10044.05,8678.45,17280,8977,7383.869,9307.986,19480,9839,13753,11385.33,15865,48497,14553,15532.68,15950,9953,15981,7390.379,7491,8982,6813,7807.542,13107,8859,11137,8844,11489,7819,8915,7542,7889,13302,17714,15517,22100,8698.047,9859,10431.1,17351,14438,12510.94,12059.46,17538,12496,14029,10124,7486,9686,6430.534,7793,10193
537092,4-propan-2-yloxybutan-1-ol  ,177523,390854,392688,365575,277633,293488,170997,391830,278809,159877,187874,171545,423509,182854,671352,241490,359904,415623,207470,157572,122278,166626,220587,138002,158711,348522,180379,129949,205166,88516,127066,95522,115353,127642,199118,184601,387249,664691,174417,258684,239023,290416,1454369,339027,175871,352996,141696,210206,138024,250492,231184,85330,194459
29996,N-propylhexan-1-amine  ,148237,151944,244725,144601,110868,118199,111010,189230,185884.5,189689.7,204868,170920,204041,124020,212308,166386,225522,179261,104342.3,88774,104727,99910,107256,116257,118276,101650,95858,86455,115779,160884,122868,75419,137113,100118,151595,137334,139429,138168,124021,133699,145945,169818,170611,148100,166393,231830,135570,284693,128509,85341,71401,84559,103058.8
7720,2-ethylhexan-1-ol  ,623054,1049345,881756,895901,638956,911734,489266,548009,1312278,416394,1031269,1694665,1262815,691424,642068,721124,712443,498110,1321583,435619,409548,302004,689718,9932.873,277201,1155610,826439,776611,894328,1098997,185943,667630,520883,2330514,813201,1119604,498611,1195430,1055935,527168,846673,999048,1144074,1653592,1462699,2303.282,566102,1222567,843489,438326,880832,1257111,366220
138892,hexan-2-ylcyclopropane  ,71773,26354,23460,16253,14371,21759.62,10764,32573,27171,25885,7979,24265,26396,13283,34326,15668,36492,26480,22295,15776,6294,10277,9689,12466,5456,6321,17064,10806,9708,6192,6478,6253,7599,16687,20564,18982,30547,8071,16536,10826,25830,29117,10420,9646,9036,2766.674,9118,11600,5116,7669,11231,8841,6782
8914,nonan-1-ol  ,59710.29,9500,62156.96,7785,7958,10563,5654.879,80775.53,13562,11114.61,2687.188,11629,49965.76,6006,18157,8026.627,17628,12849.62,11212,46799.27,3311.838,4856,4782,6618,2886.746,3489,41823,5471,30044.25,2416.346,3501.994,3270.037,3589,7107,9698,9172,17244,4373.314,7823.468,7235.884,13347,73773.25,4997,5407,3574,26364.74,4489,6299.021,2151,4454,5813.784,4645.548,3999.483
13596727,2-but-3-enoxycarbonylbenzoic acid  ,8061,12293,16244.1,8661.515,8965,12722,6899.33,11760,11863,10990,56760,11579,12283,13736.3,15147,10731,13258,58388,10686,6853,24544,26291,26790,22130,23203,24912.55,6851,5386,5052,28637,35508,7188,24253,8233,10340,13017,10133,7605,6275,40814.34,9700,12945,57188,37402,51381.38,38580,38547,54389,30448,30381,22425,21441,24586
551986,"2-[(2,4,4,6,6,8,8-heptamethyl-1,3,5,7,2,4,6,8-tetraoxatetrasilocan-2-yl)oxy]-2,4,4,6,6,8,8,10,10-nonamethyl-1,3,5,7,9,2,4,6,8,10-pentaoxapentasilecane  ",6892.533,15218,10824.05,9415,5740,10520,9773.209,12605,15045,11739,10742.67,14935.65,9678,13704.23,8280.661,7289.627,7460,11975,20164,4771.76,5766,7559.479,11842.29,8381,9463,11070.21,7152,4161,5779,8195,10163,5572,5003.585,5549.144,40590,20585,4292.45,14132,9783,7663,10652,15727,15622.29,12383,9406,8773,6723,11369,9074,5387,9206,5725,8352.273
557545,4-(3-methyl-2-methylidenebut-3-enyl)oxolan-2-one  ,10447,19283,20099.17,11026.97,3671,8895,3180.753,21896,13405,4909,4049.278,14619,4709,4292.087,16799,5491,4725.942,18883,10309,5587,3996,4030.456,12736,8299,4130,1899.161,11195,4989,4613.5,2112.721,2851,1840.453,6339,2654.168,3216.478,5335.736,10873,3957.263,10361.93,11865,9626.657,15755,3358,4132.667,13458.77,1172.764,16492,9389,3236,2219.011,13087,6157,7475
23284,"[2,2,4-trimethyl-3-(2-methylpropanoyloxy)pentyl] 2-methylpropanoate  ",111573,260944,258261,249730,181964,193911,139529,290363,208200,140310,164319,144522,272429,161052,461411.5,201342,233660,306294,157402,113502,107130,123314,167620,120170,112823,207108,145008,107786,139495,62491,102587,82529,85433,98680,161060,176570,259086,423354,156357,206208,177175,205038,813238,229699,141298,266562,121222,199222,102755,169659,156673,76555,129357
520958,"1-(2,4-dimethylphenyl)-2,4-dimethylbenzene  ",9590,13902,11192,5678,8574,10886,6843,10198,12076,31896,4301,17388,10584,10319,15687,11243,16734,4864,7010.59,7456,1417.144,3489,2755.853,3032.397,5552.603,1840.878,6203,6149,4414,2481.954,2305.954,2524.585,1129.832,3969,13363,10637,7605.986,2913.601,7060,3613.825,8839,17566,1888.394,2069.586,2367.403,3221.765,3219.006,3062.283,1805.143,1151.709,3160,1228.988,1483.995
622439,"2,4-bis(trimethylsilyloxy)benzaldehyde",74785,79082.78,60857,62944.4,131217,73342,52955,59984,142545,54612,93730.11,71960,103308,273407,88352,99492.13,95197.89,70951,98202.28,48575,39612,56113,39925.95,42253,75883,48448,64699,50388.08,105637,54413.88,37278,42589,43830,86288.74,109270.6,76935,178172,56814,57638.47,63596,92671.75,91917,73449.66,84800,102547,75.89192,80921,45382,51254.22,56675,35287,52233.82,54000
6041429,"E)-3-(2,4-dimethoxyphenyl)-1-(2-hydroxyphenyl)prop-2-en-1-one  ",49178,32800,84792,10447,185993,13801,77433,113273,112678.2,97774.78,316114,106816,112192,71074,13094,85380,117815,78685,18723,264348,209476,58646.33,247826,64205,328447,444097,9880,159038,404149,307746,50158,224454,160295,86931,707338,433223,85606,216977,137679.6,268781,106963.3,106107,297720,266031,418377,86015,198190,306230,220174,165510,62552,174129,218540
556997,"2,4-dimethylhept-1-en-4-ol  ",6159,7750,5883.345,6181,5724,7038,2619.93,2396.775,9397,3902,7807,7471,11167,8862,5736,5671,3889,4339.258,8644,1929.761,2100.273,3716.271,2743,420.5448,3753,4416,4607,4223,5502,6869.658,806.2151,3559,4421,11577,10121,7433,9634,4650,3855.417,3422,8327,8435,5554,12738,10091,22940.62,6551,6055,7177,2474.115,6986,9263,3715
7311,"2,4-ditert-butylphenol  ",105221,143093,90185,110935,113721,94469.38,77936,199427,134244,189470,429256,162713,28717,211891,88040,155507,97801,97243,115593,218942,82148,111024,78473.81,178573,45128,63748,233187,151721,166938,45790,81895,216953,86989,326179,450627,243773,212419,63186.79,123330,67753,307477,141412,94360,67128,218203,149521,133203,130079,44509,44308,66584,76236,49430
5367531,"(2E,4E)-undeca-2,4-dienal  ",70971,33165,64133,24956,48061,56551,9446.705,63081,59425,8567,58383,7218.036,50309,34890,37542,26602,57695,29291,26562,2836.312,15929,25551,24885.84,1120.426,29861,4025.524,19331,6098,35882,9706,2570.791,3156.411,16439,30477.55,81349,21643.02,37255,4385.723,4657,23970,48763,64148,6626,27187,44300,136.9728,37146,6043,17693,18807,3445.225,16395,19439
8473,"bicyclo[2.2.1]hepta-2,5-diene  ",266283.3,1260106,727277,857457,2184903,1287946,10307.18,867932.8,667849,412431,927365,813020,2221128,117196,797238.9,1309218,10338.21,197617.9,4965.336,687834.5569,1191292,687834.5569,380190.8,281.5176,701247,73.6131,51.49157,834394,136.3761,112.5916,687834.5569,84012.11,37619.97,1035465,801424,820806,780767,865237,786060,1104710,1104970,925531,1190310,1529229,115781.2,687834.5569,0.7676883,783862,846628,1164568,4.224677,900015,778534
91742720,bis[[(3-ethylphenoxy)-dimethylsilyl]oxy]-dimethylsilane  ,41587,39050,59843.88,22535,12794,20304,15580.17,77180,22538,15174,30528,18903,19463,16955.43,30895,16536,24966.59,28764.3,18600,22929,11470,14368,39468,20075.99,8675,9496,17530,12306.27,11189,17000,11465,13335,12200,25285.07,25435,23157.04,22258,13577.95,17718,20136,16229.04,63688,21118,17357.07,23209,20529,12204,17992.46,20750.61,10772,14632,7689.952,8962
5370325,bis(2-ethylhexyl) (E)-but-2-enedioate  ,6839,7771,13520,11528,5423,14472,6320,12674,10773,10035,1046.057,9977,11958,14662,9796,7547,9862,2406.342,8531,6621,1022.801,1089.605,1296.105,1272.925,1226.14,1683.738,4662,4603,5307,2342.361,1260.177,8061,1311.695,7376,9942,10375,5315,9382,7382,1487.069,14421,19635,2389.596,2249.289,1740.532,953.1437,1174.105,2338.961,1788.096,1107.282,783.784,1009.996,1139.273
81984,2-hydroxy-2-methyl-1-phenylpropan-1-one  ,408705,1248662,2672838,637241,137966,310698,250278,3295582,367334,39997,108122,873443,538649,31330,82163,334297,242525,910903,317654,1399168,1051370,89026,717335,280184,20317,160337,247497,141782,377133,355268,145159,102440,687985,466371,318873,36167,36162,499498,560319,29684,492155,1108962,525041,387815,22345,341734.4,17249,645842,151427,60946,564509,317937,24775
574439,2-(hydroxymethyl)-2-methylpyrrolidine-1-carbaldehyde  ,5198580,7674692,6061089,5840030,6259983,6282203,3207118,6458989,6102384,6092446,7406651,6183698,7395881,1695600,7042804,7504285,4428128,7720883,7589670,3521039,4597252,3094174,5797646,7743,4947580,4197729,4520530,4621744,3960073,3391541,1069519,4446438,4495907,7795316,6002144,4999225,5590889,5427406,5996811,7348882,5728891,6630462,7092315,7709896,5930460,1006.512,6667004,6366303,4000216,5141087,4927367,5006871,4831582
567717,2-benzyl-1-morpholin-4-yl-3-phenylpropan-2-ol  ,17570,67718,58321,11378,2337.679,9372,5730,14981,3761,16858,12194,40293,6016,18741,17917,11738,5695.533,11023,11840,1774.633,5576,2153.586,7127,2744,830.668,35217,1934.022,6932,765.4455,13843,5534,3516,4267,3827,1211.115,4778,4580,5398,2624,4394,4738,4370,2041.049,2963.152,1147.091,1901.165,2649,9026,901.1322,1677.781,5720,766.8845,917.4142
7895,pentan-2-one  ,73880,76082,50615,55356,67024,65447,2678.716,56705.18,44564,56974,81269,44599,63672,8808.173,73169.71,72453,1391.874,1301.415,3.21E-08,4881.263,72335.86,8499.398,83939,708.1131,58111,5446.391,5555.21,58341,8134.979,5803.073,5773.387,7371.986,2.34E-06,60968,40959,55290,49311,46656,59974,102806,50981,46897,71807,101019,51149,44004.05866,7864.883,51409,48000,83081,6743.439,63045,69360
21210,1-butoxypropan-2-ol  ,7642,21031,10281,8238,2779,7913,2910,3427,12063,1397.341,3251,18145,4431,1180.482,1346.045,4321,1582.352,3967,11826,2390.134,1640.493,8753,5994,305.4682,620.0697,2883,6531,6293,8806,3467,1614.102,2668.249,3757,2008,2637,2958,1110.109,3650,9275,876.4808,9691,9573,3271.052,4911,1987.719,7505.157,1318.938,12340,3098,1144.865,13825,11855,623.1116
5370158,"(E)-3-(2,2,6-trimethyl-7-oxabicyclo[4.1.0]heptan-1-yl)prop-2-enal  ",9651,14109,20204,8947,7671,8486,9158,109183,5614,6296.241,97155,8659,7096.5,4024,8827,6191,6974.263,107888,4404,13041,32199,55564,57288,58907,20955,44548,4388,2885,8384,65494.1,32868,2817,48818,2306.62,7450,4954,4060,7854,4586,59662,7877,12142,53528,31664,54172,142892.3,33050,61588,41750,28736.81,34145,53810,45158
21630,2-ethylhexyl 3-(4-methoxyphenyl)prop-2-enoate  ,2232.034,2888.637,3361,799.8196,1172.607,1104.57,39699,68715,5448,3695,4262,6049,3457,2824,6361,10226,100058,2883,6389,1307.682,2229.469,3974,2352.618,1739.882,1688.816,2428.814,10463,11975,6228,14138,11457,2419.843,2318.492,2570.117,2626,4061,3166.725,2623,2008.801,4956,3587,8004,1016.191,974.0337,1308.157,7807.063852,827.164,1888.317,2157.559,2870,3329,5786,5862.972
137353,"3-ethyl-3-[4-(hydroxyamino)phenyl]piperidine-2,6-dione  ",11811,3269.023,4312,4332,9049,6023,1951.709,4465.275,13774,2049.438,6626,6147,5184,5142.773,7648,19288,8566,4549,14450,1375.62,3208,4594,2775.854,1322.63,5589,2328.306,4572,5900,3145,1467.952,1338.275,538.2292,2059.88,3203.77,6734,9198,36202,823.6602,345.8965,2542.452,5904,7815,614.4124,3542.627,7267,27.96803,3601,2472.358,2181.219,2200.89,1335.744,1724.107,2508.388
102123396,"[5-(4-hydroxybenzoyl)-4-oxido-1,2,4-oxadiazol-4-ium-3-yl]-(4-hydroxyphenyl)methanone  ",492180.3,700518,681167,689524.8,440371.9,733704,587448,1186277,706850,977010.2,723815.8,664718,829256,802057.2,1019130,708582,850335.6,578815,720821,869466,478354,230407.4,471473,284829,693017,600865.2,509030.1,656970.9,365868,635280,232741,578077.1,402576,668675,894095.1,707817.7,1234267,743244,420274,780715.1,779880,749744,730893.4,476906,1024800,555270.6,755078.2,842280.9,476871.1,435341,233818,473094,534093
558880,"(5-oxooxolan-2-yl)methyl 3,5-dinitrobenzoate  ",12919.82,4400.186,9799,16626,6507,18523,8777,13918.68,12766,26098,37069,9933.842,9685,9855,6890.742,22314,56934,15107,40122,2719.356,2452.062,4225,5532,5601,5111,3742,10363,13145,1454.477,273.3806,7437,8189,458.3836,2105.855,5205.896,11503,44950,2790,5848,5242,38551,7241.234,10425,2384.546,34660,5410,37503,7242,96.29506,4792,2947.906,987.3841,1648.663
73219,"3,5-ditert-butyl-4-hydroxybenzaldehyde  ",33519,47186,28128,77844,16308,15127,8983,29955,11495,5907,3041.171,7379,15368,4813.281,45845,9132.466,12801,37574,7602,14387,8178,8081,19930,5803,9308,3029,1006.563,5030,14713,57056,6842,1824.088,11354.64,2532,11287,2415.154,6280,3858,5497,14677,8043,21874.04,7447.811,13415,2097.07,25495,7611,12553,26895,6994,15134,4896,11998
141033,"3,6,6-trimethylcyclohex-2-en-1-one  ",26240.99,32775,50640.21,25882,15814,24067,20777,64656.12,32850,14475,16574,28082,36055,13392,34689,15085,26462,51472,18749,27580.09,24043,15038,23520,22603,9553,8177,26361.65,10880,17670,5009,7800,12347,26006,10450,13130,30818,19186,13373,18766,22702,23216,37093.08,13874,14601,16636,4694.071,8866,26423,5540,9037,20797,14450,13092
530435,cyclobutyl 4-ethylbenzoate  ,282201.9,1100867,886710,524349,983502,426718,3106.657,818884.5,427741,364536,311775,1337880,1026253,195315,582409,491600,2117.138,99742.82,9741.366,117.6529,283632,183.0693,481241,212.6148,251004,150.319,0.9442762,533403,105.2244,133.0515,1.053892,216230.4,51054.82,3474895,465227,798219,1226565,477163,849664,356746,440321,849905,374511,739742,549.6394,467173.5936,57.90348,431652,622548,305630,76.79237,711961,474675
520181,4-methyldocosane  ,7320.339,2369.214,3008,3790,6000.821,8792.588,2862,4986,8965,6507,9707,5524,8562,8416.748,9352,8262.926,15934,10041,5219.011,4120.03,6688,6316,7629,6558,8526,7602.625,5045,4933,8177,9383.901,6122,3742,7180,12481,12517.13,5044.376,14489,7608,8710,8631,7969.227,10582,11033,10025,12331,10793,9457,12906,8146,6787,4930,6777,4731
91731726,(4-trimethylsilyloxybenzoyl) 4-trimethylsilyloxybenzoate  ,114490.9,106667,87147.62,105337.5,201136,143917,105629,90116,197533,74245.81,147663.9,107057.9,173351,487811,131226,148454.7,192764,118855,159947,74293,62599,90157,56021.16,2332.501,108391.8,53541,107475.7,74561,156027.7,84399,61004,56606,76648,144066.3,132708.5,104620,308210,88902.73,103960.9,106243.7,150011.9,123383,103850,138218,140992,583.2982,143645,72214,86457.62,83213,55886.15,83271.03,87204
71728917,5-chloro-3-indol-1-yl-1-[(4-methoxyphenyl)methyl]-3H-indol-2-one  ,1713.45,2223,2113,2394,2677.001,2914,2682.902,3486,3528.908,5049,3013.458,1775.152,3440,6344.598,3924,3854,3193.074,2398.789,3165.979,3133,2969,1893.168,1750.707,1551.786,3694,3773,2115,3484,2323.866,2314.627,1868.61,4173,2117.402,4404.93,5315,4437,4859.774,5790,3432,5137.435,4809.496,3002.273,5139,2975,8054,5044.434,5470,5745.707,1986.942,2698,1169.164,3052,4808
575987,5H-cyclopenta[b]pyridine  ,76688,113125,165791,270198,37209,1140179,382841,100952,1315293,1407083,258642,375165,2238.305,14561,186416,53186,2893.707,4235.672,385247,152201,274863,739616,58696,101079,75751,233226,1657.269,81398,66274,238565,49159,695811,38093,612970,516965,1854095,914.785,1849882,24753,60969,5043127,458192,127234,8477,8593.508,26778.92,1010190,150332,100528,116646,155251,242927.8,253191
7410,1-phenylethanone  ,270493.1,457904,469350,477633,371541,416492,394663,287576,781447,219370,691871,864819,788955,452944,391287,386539,393644,244493,744747,195698,189480,158580.6,287065,236382.8,102061.8,700029,473050,422194,407471,563743,103322,314275,290309,938074,385571,785287,223532.7,657840,467372,215896,404473,451235,725993,1013537,648329,701.1515,206304,620455,404561,231286,523774,679956,197145
91713521,1-O-butyl 6-O-propan-2-yl hexanedioate  ,7372.978,6037.228,7282.927,5041,10133,149599,7255,32495.92,10277,14485,29324,5118.093,5297,13676,8842.735,9398,19350,18512,4668.696,6355,12553,7401,14164,7807.198,11415.77,10169,6950,6814,2000.988,7133,8928,3264,4483,3708,14807.44,10479,7319,8726,4132,24750,3913.909,25348,20130,21586,10936,7190,15804,18697,5242,18773,6870,35826,13095
1303,2-hydroxy-2-phenylpropanoic acid  ,510230,742059,1447991,825122,227185.8,474362,214170.8,1565351,579830,37277,164834,556722,607858,86295,119365,479055.8,439923,1279317,535358,1072753,1397398,164602.6,528345,215114,54051,173045,351841,217189,518607,439861,231788,107505,759021,620557,535191,68202,60618,439045,367260,61903,661040,1284964,447680,668666,47695,401016.7,54221,530081,305332,133033,567502,475874,52932
9231,azulene ,32939,36460,37787,34470,65701,41378,38083,54658,40318,38578,54059,46032,46155,28395,50329,38814,42084,42337,36667,30278,30599,25038,27440,23733,22817,52750,27056,25780,37687,50075,16094,22054,25643,47420.18,39545,37783,28482,55982,33322,37570,36124,43793.54,81075,92326,78348,1419.752,29149,39278,37394,40192,33200,27929,23626
240,benzaldehyde  ,203402,431636,228035,257445.7,81001,266680.9,285571,237405,519234,81044,146169,656010,616304,62963,139289,183634,267248,209721,634725,154013,164343,188935,228795,4683.354,40002,180970,309021,465496,244666,151173,57104.21,105919,351477,289498,183408,96785,109389,165693,444766,115570,324658,389838,203128,183629,266646,2163.233,159439,605081.4,177399,45982,341431,446821,76288
67583415,"N,4-diethyl-N-methylbenzamide  ",4110,3364.38,2966.199,4616,2143.737,3116.047,5024,3517,5758,3722,15217,1648.261,5073,2636,4268,5867,8708,3107.476,6257,6409,8799,3912,8923,1882.802,21742,14773.4,3981,5802,11687,7865,2377.47,4239,4807.039,10242.94,4903,3137.158,5574,1850.464,2507.29,18012,8340,4612,12490,9375,17558,5192,14897,14030,9359,5509,988.4019,4685.231,9089
7602,"1,3,5-triethylbenzene  ",22357,16139,16877.16,20513,12376,15491,10202,15838.95,22539,11499,45214,8383.557,21453,25592.41,18788,23215,22438,14514,20332,20855,30437,11211.31,23479,5071,50039,34470,17743,16506,46182,24781,6885.01,11723.94,18328,8776,24633,14542,22373.91,9758,6231.374,39682,35997,19801.46,26669,22101,60542,21283,32232,33514,29624,12721,4574,14802,22792
585014,1-ethoxy-4-[2-(4-pentylcyclohexyl)ethyl]benzene  ,19159,26357,34124,20630,6325,11190,5796,33590,19410,4353,6647,22360.96,10666.17,4238.446,9363,9581.072,8733,18251,11957,18633.71,11479.78,7323,16109,10993,2432.013,2918,7088,9987,13226,3892.469,4920,3374.615,14510.9,6471,13142,4187,5132,4841.128,12425,4249.412,16459,23634,5926.154,7263.008,4110.692,16907,1898.621,16400,3935,3093,12547,13522,1943.982
12100,1-ethyl-3-methylbenzene  ,41495,69008,54158,41954,43581,84806,34686,44402.36,36580,39578,56047,41170,41673,19367,43537,35858,42275,46545,39696,23633,24446,26558,27414,116.099,24592,38469,47678,38856,50496,39740,11760,33524,28162,50298,55788,65463,36013,36284,42847,34271,49452,47593,44379,46529,64761,21236,40061,47986,33073.73,29142,29426,34840,33610
12160,1-ethyl-4-methylbenzene,18000,29551,21170,14134,18789,27353,11269,12229,8818,9775,17795,421613.8,447536.1,4408,12558,11896,209856.9,15029,43784.71,5944,7008,8049,8429,4997.264,7349,12152,11999,10290,14115.2,11522,3159,9834,8486,223929.8,12152,21773,11351,10655,13975,11412,15043,13881,14021,16588,26158,52.64231,14957,18050,11158,9903,9389,11185,12334
998,2-phenylacetaldehyde,8505,19096,6082,9815,2621,3786,5035,6336,9877,3491,8838,8984,8303,5073,6856,4266,2205.973,17855,4784,4411,6024.049,6928,4944,458.4592,1337.342,14002,5255,3744.655,6417,22248,1343.84,4770,12858,11593,6405,8148,2704,7443,2797.618,4889,4660,10410,7400,12866,7517,35745.75,4008.426,7229,19306,2494.42,13413,13531,2743
20006,"N,N-dimethyl-1-phenylpropan-2-amine",7722,6029.834,11724.75,10809.36,8928,7689,9423.788,5635,13639,4055.486,9061,6195,11874,15500,7801,6788,8508,7208,8506,6385,7828,4404,8013,5949.68,3715.581,3684,9461,5496,6674,4991,1106.168,3589.653,5235,11553,10215.21,8072,13969,6821,5580,36409.56,7265.603,11207,5416.54,13139,14071,1215.552,7440.242,6008,5819,3373.206,4741.179,8582,3933
12053,2-phenylpropan-2-ol,3084820,5764204,5694774,6763523,2360428,4168952,1855372,3834201,6225743,746631,3375532,8624332,4049640,1703678,1344945,3578083,1960034,2985785,6372414,3168793,2047046,1396348,2987779,3328009,296117,4102205,3554729,2822158,5093464,5264557,1360741,1474826,2784528,7055413,2534713,3657635,542601.1,3158509,4910726,608260.1,2964784,4626696,3954986,4787666,2155208,12293.3,635582,4450690,2858608,1115490,4900797,5327142,568329
7147,1-phenylpropan-1-ol,87788.13,162142,141013,84522,38297,77674,28522,88114,112670,22841,49127,175891,70156.41,21046.66,38554,59699,40993,51194,99676,60433,51388,32163,79966,62632,19616,48844,76684.39,75485,102547,46875,19791,39519,72945,44740.52,48907,34638,28951,46312.46,104845,50009.87,82804,116544,50362,53591.05,159066,13259.87,36078,112565,36936.36,26052,105986,88160,21846
637516,(1R)-1-phenylethanol,7710.176,18287.14,16142,14260,6422,7215.322,6074,17638,11557,3506,8723.785,18035,12447,2609.305,4015.831,7481,7125.542,13085,8208.612,11723,8847,3641.525,5921,3338.094,1273.152,9395,6273,5701,8271,10102,2443.282,5865.872,16845,18667,6790,5885.173,1886.331,9115,10427,3684.975,11047,11196,15910,11035,4123.35,1584.058,3196.333,15335,6054,3164,15507,13411,1951.937
103653,2-methylbutyl benzoate,14774,13107,11935,11878,13122,21696,5950.702,25429,20828,44973,4314.159,12592,14506.93,19605,47199,40177,35628,10288,12875,22995,1718.309,3803,3393.834,3473.876,2231.326,2158.694,9853,12495,3406.12,2602.16,4429,7612,1867.805,14353,18635,14456,33982,5766,6217,3176.716,14425,21772,3770,2938,3100,5378,3470.521,4258.496,1928.76,1944.864,4587,1246.742,2070.646
90232,ethyl 4-ethoxybenzoate,492180,700518,681167,689525,440372,733704,587448,1186277,850577,977010,723816,664718,829256,802057,1019130,708582,850336,578815,720821,869466,478354,230407,471473,284829,693017,600865,509030,656971,877556,635280,232741,578077,402576,668675,894095,707818,1234267,743244,420274,780715,779880,749744,730893,476906,1024800,555271,755078,842281,476871,435341,233818,473094,534093
7165,ethyl benzoate,13758.92,21129,14809.3,15891,5098.709,13998,7888,12833.67,25233,6789.426,42995,28249,14359,9327.075,7090.311,11385,10772.44,13516,16627,21775,32167,6992,36473,19558,28379,34356,14460,26327,37353,23062,4153,16071,27122,8574.587,11285,6461.163,5727.424,3749,14398,31387,26034,16260,24255,26194,51268,3657.483,29821,66017,28591,12615,17483,41172,15576
3102,diphenylmethanone,25543,41491,63219,50510,24284,38965,21631,59740,40865,28744,13554,30570,31111,21218,62609,35503,35262,51538,34201,23416.25,14542,21579,24343,23841,14523,9874,25532,13223,15480,20235,18100,8240,11946,9139,28640,16992,42518,13880,28383,21777,44644,39771,16708,16361,10474,30851,12137,35695,33845,13840,28651,11225,11930
7222,"1,3-benzothiazole ",30504,35181,48312,37634,17444,30550,23398,58372,48546,29724,29359,57031,27591,21072,26383,29376,28113,33809,34749,34526,25005,17753,24955,22381,10568,16567,30186,24363,22064,15846,10929,26134,25747,18781,19363,33004,11099,26176,31318,13930,35220,38819,22673,19824,29370,902.2858,12022,44006,15928,9155,24657,23207,11641
244,phenylmethanol,94873,230146,274172,142833,101951,106632,100782,846639,170301,86997,128164,196633,147223,17034,109324,108379,83877,432046,89190,627548,348395,67379,103975,641.906,32218,174377,94355,55973,158932,271758,45592,61451,762438,169753,102909,64488,49838,214088,112881,130773,143011,146336,211197,190925,76852,1149.907,49277,124778,119272,47605,130742,105357,49808
2537,"1,7,7-trimethylbicyclo[2.2.1]heptan-2-one",61459.33,82355,87039,33614,96408,31747,26196,80921,40617.67,46597,23192.29,94174.38,25002.22,17492.44,88586,19831,25783.34,21157,21825.66,15526,35081,13731.91,70003,18245,20523,16269.1,22719.54,19569.03,13656.22,13986.01,9136,21296.81,43454.39,16812.18,13440.47,29524.2,74751,26290.42,84688,101582,19935.4,85438,22894.99,45672.76,408342,10557.13,67148,26699,14528.7,33392,51278,15265.87,55997
8343,"bis(2-ethylhexyl) benzene-1,2-dicarboxylate",33241,23338.35,25916.01,8100,14339,12611,7830,14548,19485,10727,13013,19559,40837,14432,11776,21599,13398,8688,14968,3294,4347,5267.652,10151,4121.114,4645,10566.99,6951.866,19159,5746,4342,4181,3360,4205,7243,10617,21118.73,4780,2970,3220,5203,9817,20195,2892,5905,6791,885.989,6661,17263,3398,4488,8749,3249,3779
13357,methyl 2-methylbutanoate  ,383.431,95028,63710,71838,82531,84966,2098.569,80624,70378,76793,90663,65301,89871,1460.287,1074.809,91953,1914.159,37382.2,2250.323,3410.32,4102.966,6264.271,20040.88,105.0212,69831,1163.502,963.4532,73081,1.72E-08,1.21E-07,2213.513,19149.2,10227.75,89691.52,62664,65691,65456,61138,71884,97637,68322,67421,84536,99113,7.97E-09,45898.08569,655.1787,65431,43588.3,80118.12,65.68266,70051,72465
12180,methyl butanoate,881.8679,117153,75995,81712,95370,91393,372.3233,88901,69924,91182,103238,70673,100588,28362.28,60237.95,109929,527.3173,7982.722,16500,18728.5,1553.058,155961.3,597.882,1950.221,81866,10231.12,14974.1,89896,16584.33,2862268,389201,13111.59,3862.493,99756,64216,67069,80712,68861,89350,132378,72438,76305,102410,130540,126.7038,121079.1497,7323.902,74314,63815.56,103250.3,4441.263,93336,93765
85781,bis(2-ethylhexyl) carbonate,24816.91,23680,27711,17872,27021,47809,10364,37397,35280,44197,19426,23305,28455,28659,84863,76826,65020,23618,28521,28456,8664,12549.91,9958,9455,8379,9954.453,21029,27433,6787,10552,12941.44,16583.56,9679,31331,29088,32576,76367.75,13250,13628,12865,29095,50303.44,16766,14893,16335,14592,12638,18391,9807.907,9624,9452,8845,9905
91691497,ethenyl nonyl carbonate,43773.93,79638.89,70524.61,50852.2,49344,71294,46195,74696.81,71894,55829,70600,72549.35,91115.49,46303.78,69933,68277,82854.83,67664,77161.66,43181.25,42554,41595,45277,5090.211,46651,47649.12,82301.17,40847,45577.85,40585.23,17290,46541,44976.47,75768.33,67903.93,54396.87,60537.12,63286,66462,68443,61614,63239,82311,88904.32,70630.53,56844.58,73100.78,63354,35639,38450,44124.39,41454,38241
9268,cyclododecane,860632,1133157,789319,541806,190582,415001,729954,1142505,586267,363333,65787.54,385756,1055024,76200.45,1121467,720677,1223544,1233158,592716,524120,382530,313988,861263,328539,327774,245439,368243,518411,424750,698429,286157,50576.26,290228,84684,511246,163039,1189518,326818,417796,703709,454357,1322673,1081971,729805,40878.51,1187806,707170,782702,611105,265277,425124,397628,373279
15595,cyclododecanol ,14427,13672,9784,3754,4553,5713,3957,12748,7036,7016,7389,6824,5374,6060,5559,6352.681,5128,5243,4466,1502.42,1623.141,2124.56,3878,2257.966,2050.278,3123,2319.016,1796.927,1683.441,2765.666,2050.384,1361.197,1659.312,1870.941,5844,2988,2543,2124.173,1884.819,2353.174,6370,6281,2001.3,2037.194,3051,1868.853,2358.112,2960,1487.373,1396.62,1631.244,1040.442,1493.462
7874,"2,2,4,4,6,6,8,8,10,10,12,12,14,14-tetradecamethyl-1,3,5,7,9,11,13-heptaoxa-2,4,6,8,10,12,14-heptasilacyclotetradecane ",12669.05,11765.74,23323.5,2562,6374,2649,4851,21769.97,6611,12659,12489,3583,21453.75,12730.02,10029,3058.246,17656.24,3577,3354.116,12239.47,1923.897,2856,3741,3666.086,4253,9320,10835.08,2626.889,11852.06,15279,892.8911,9404,8518.451,26755,4714.681,17214,6748,12989,3857.921,11312,1834.301,14402.3,12057,24128,34886.43,6071.904,12694,4618,12700,4532,2668,2988.167,6616
1254,5-methyl-2-propan-2-ylcyclohexan-1-ol  ,107781,101234.7,129915.1,106651,99707,139591,121285,222605,128341,118280,146987.3,110786,76297,205552,156738,401616,200885.4,149141,151828,72055,72497,68071,106931,95281,55988,56828,86578,96700,50654,43343,67989,115938,58981.06,97852,82609.17,470191.5,126098.1,97799,193490.9,201092,82544,153097.5,95640,138863,410198,20707.25,107371,267901.7,49431,114863,82418,44738.53,77473
7967,cyclohexanone,15556.8,60200,50778,38070.95,10165.36,27647,6824.334,60469,32990.77,15681.98,41860,48182,122595,13236,27315,18946.28,1126.277,70879.88,27072,68622,65736,19395.42,42298.33,4611.665,7391,9802.796,27943,21240.03,24705,12696,3084.9,22559.1,78550,15205.46,66085,36723.56,28171,13312,27810,37196,15241,46292,28954,19428.52,13610,1009.145,15465,29195,12457,6196.505,46966,37247,13037.16
11172,"2,2,4,4,6,6,8,8,10,10,12,12,14,14,16,16,18,18-octadecamethyl-1,3,5,7,9,11,13,15,17-nonaoxa-2,4,6,8,10,12,14,16,18-nonasilacyclooctadecane",18819,38272.26,19668,18679,18089,42144,14471,21559.02,32165,25181.4,16159,18587.09,28148,20142,24637,21822,23857,18427,38869,15870,8435,11395,15258,10252,15226,18031,17965,11393.92,11469,9828,12758,13010,7640,17574,77320,62345,16151,23484,20054,11630,21081,67198,18972,20652,14972,11933,11913,16661,12055,7279,12352,6905,9779.215
11170,"2,2,4,4,6,6,8,8,10,10,12,12,14,14,16,16-hexadecamethyl-1,3,5,7,9,11,13,15-octaoxa-2,4,6,8,10,12,14,16-octasilacyclohexadecane",51096.98,148555,65098.44,51782,58110,153443,35706,85803.37,83238.22,74003,44067,53650,85272,66514.37,59883,73066,66302,49265.4,140469,40891,21367,29843,52698.91,26831,50463.44,65359,44853,31323.78,28744.09,26196.25,30313.07,30562,19136,37711,227446,172211,60635.85,55532,64264,30212,62835.41,153486.2,51635,53104,36527.37,31262,29625.7,49253,29786,16670,35078,18575.85,21996
544716,1-heptyl-2-methylcyclopropane,10036,18007,16245.12,9127.867,10513.21,14318.88,9748.109,13014,14256.02,11055,13907.05,13640.54,14219,4665.365,15896.54,12169,13634,12672.01,13707.35,6572,7121,7132,9990,672.9172,8590.966,7899.103,6842,6877,7039.91,6856.505,2390.436,8007.871,8115,15895.75,13476.06,10128,9907,11379.05,11548,13857.35,12163,14656,13135,14087,10994,689.4329,14993,10655,6508.486,6846.19,8358,8358,8816
67524,cyclotetradecane,259045,102445,28424,1865.345,2954,4078,1823.724,691736,3884,4949,5050,6172.156,3583,3135,6052,5514,4773,5222,4710,2207.241,1737.651,2822.421,147276,6063,2274.679,2496.244,3541,2536,1873.613,9499,3164.703,1912.902,2480.191,4453,200472.6,4019,3166,2157.906,1694.081,3365.382,6287,254267,3714,1983.474,4039,2455.309,2133.467,4681,9406,2231.99,1471.049,1482.713,1911.647
11169,"2,2,4,4,6,6,8,8-octamethyl-1,3,5,7,2,4,6,8-tetraoxatetrasilocane",3416.014,4805.294,6819.664,3433,6017,5703,4712,5886,8007,5280,5486,6575,5679,9460,5178,5566,5842,4732,6572,3855,3091,3946,3904.192,3830.254,4814,3180,8083,3536,4187,3389,4198,3601,2703,5206,7025,6019,7349,5342,5816,4800.155,6384.549,6601,5457,5387,6350,232528.1,6530,5201,3003,5548,3727,3100,3487
10914,"2,2,4,4,6,6-hexamethyl-1,3,5,2,4,6-trioxatrisilinane",292225.8,1113944,406446,368076,659296,396334,5224,338628,503476,285740,423491,451891,595346,541113,408466,556764,9184,279711.3,187632.2,3328.675,288030,303424.6486,339648.4,649.8689,402524,37378.71,32072.7,237303,36850.63,51119.65,1263.736,221013.8,147846.3,519469,372830,186326,654861,390956,315175,354222,383823,402752,399390,412660,263044.6,213.9573,15878.87,281746,438663,219283,70572.53,235566,238632
8175,decanal,247685,210316.9,162560,8429.55,11371,30831,42556,54945,62096,50900,77290.74,36339,8122,11320.55,7648,15947,22006,16658,12261,3258.905,2196.46,2606,4356.027,3510.359,2602,3718.327,3450.252,3903,4483,4930.481,2598.93,4276.881,3001.094,8370.953,6057,7282.764,2394.248,4429,5620.877,4310,11710,9011,4235.713,5365,13878.21,16276.3,4166,4372,3383.592,3245.189,2772,2697.587,2669
15600,decane,30341,46596,40766,24664,28559,42236,27594,38601,38348,32386,43874,33838,41656,12123,39363,35503,39942,39506,38356,21519,23588,21917,27822,775.7346,26276,23864,24905,22615,23645,21216,7032,25129,24950,40543,38894.23,28278,28175.49,33870,33574,42050,34767,34900,41864,44757,34428,14597.25,40989,35929,21047,22317,21590,23395,21132
17835,4-methyldecane ,42502,71883,62133,46258,43475,68280,41554,84788,71517,52894,133045,67837,74692,28143,73165,64163,76002,77207,70423,46781,74739,38024,82050,42625,82210,67144,46246,43110,64908,51232,16069,55965,54046,70271,69314,58600,52837,108904,55727,116475,64291,56746,95557,100552,94747,40410.13,109209,115696,66336.32,45190,41575,52145,48562
8194,dodecanal,29404,28550,21702.75,13966,9540,13880.15,11755,15551,19333.33,13634,12169,10921,19338.27,9125,20769,15551,26300,27307,12546.6,6154,8579,7924.233,8038,5336,8680,7314,8945,9476,7775.915,11214.4,6219.907,2335.653,7343,4747,11380,6664.76,33988.93,6995,6761,16132,14655,12189,12460,15486,5426,18355,15672,11188,11544.08,6404,6006,8198,8178
20282,1-iodododecane,64643.61,71353.47,48145.75,24415.02,17936.88,24105,33524.27,68583,54038,31466.1,133124,39889.54,51507.02,18781.97,41210.87,28568.53,50461.65,51920,37894,36583.73,70337,12602,74055,17843.71,78727,71788,29312,33842.77,80593,52782,6219.321,40511,39454,28513.8,42733,32434.1,28153.76,100800,22923.42,95826,34875,23321.25,66747,77019,87741,62574.34,87599,121115,66227,33808,20488.8,45874.2,39752
75084,dodecyl prop-2-enoate,21204,28072,13693,9666,13433.86,8733,3748,58412.54,8026.467,10266,3683.818,9339,4817.01,3851.437,11463.13,12122.73,8123,258130,10729,6009,5975,7732.484,20500.17,7672,5576,5498,4509,8443.008,5134.768,5358,4819,1369.528,6237,2287.186,5538,2736,10881,6327,5392,11900,8313,28757,13353,15822,3271.213,12847.78,18600,10334.67,16115.81,4182,8813,7023,9265.943
8133,2-butoxyethanol  ,86872.07,200303,148753,481274,91573,60535,75639.74,63585,81589,270483,156727,237592,150029,267998.7,89004,47802,49982.26,116826,74031,46825,29674.32,46963,81020,2832.287,84839,86852,61371,45368,66463,199262,6279.93,121272,76715,183973,53636,96431,65010,116533,253407,99274,256954,84345,166749,188458,67626,11104.95,219127,575033,150755,36833,256555,217505,171770
31236,2-phenoxyethanol  ,207937,131457,326175,204560,9795,34387,7415,177229,53919,5753,13187,120898,26295,10887.34,6688.66,58440,21839,60916,41633,122048,78570,11216,63418.39,21606,2124.815,9429.063,43901,13069,83390,55710,15125,3866.594,82553,15211.58,16966.25,3118.069,7212.351,18156,36867,8888.784,48182,151947,19206,11394,7416.283,308.9808,769.4727,60236,17883,2963.55,48314,23345,2786.441
22568,2-phenoxyethyl acetate,16519,17528,30816,30844,2407.843,13955,9411,23994,26029,615.9293,4818,24645,7861,1119.334,701.3539,21922,13546,12820,23062,13931,8937,10257,9910,22128,299.2566,2508,13557,12473,8329,1196.318,9895,2535.735,13184,4613,5816,688.4479,163.4478,2682.507,14643,574.3793,41839,19452,7239,2111.561,1079.967,21599,303.6089,35021,975.2738,1131.297,15507,14528,180.0504
23229,1-(3-acetylphenyl)ethanone,5888.413,28092,44982.82,56515,15839,9741,4849,10395,4730,1112.745,31654,1341.325,26161,15323,46646,1488.8,8152,9851,2030,6072,1330.123,1971.137,5743.871,2034.4,3691,2641.896,3244,494.7063,26999,5307,892.2012,3221,671.0995,3885,4649,9172,8769,978.5074,448.2617,3317,2691.742,10059,399.3395,8984,19584,10250,280.8482,948.7677,10608,1604.729,3312,177.947,6382
7500,ethylbenzene,52271,114571,94620,105344,324815,180533,45443.4,90913,80001,51234,286724,95155,172231,39806,103207,130346,5116.123,201078.2,156455.5,23160.85,98697,12501.95,68125,106498.4878,55719,60314.41,53263.6,63688,50128.95,64809.55,4434.647,143817.4,78238.86,218061,64574,249379,85310,121748,81764,101094,150149,98783,135054,216632,279858,5932.788,59688.59,117653,98691,131659,59976.55,85906,69245
2758,"1,3,3-trimethyl-2-oxabicyclo[2.2.2]octane",43960.71,66959,79276,27984.44,10048,18471,8161,53170,18485.23,37602,11951.51,49654.77,19942,8176,43898,9300.58,13237,43696.92,15265.56,82378.79,41731.2,5725,44036.48,12985.49,12863.85,26524,7950.2,7637,12113.53,25039.57,2264.218,9845,66683.23,22237.23,11105,27640,38696,23158.25,36951,31805,15664,60122,20124.65,20391,20861,6071.594,53816,12683,15835,6920.105,28403,12022,37095
91695625,4-O-(oxolan-2-ylmethyl) 1-O-propyl (E)-but-2-enedioate,13315.06,4824,9234,5264.923,3773.958,5112,5114.504,13733,7249,6854,17656.67,7805,30596,31548,10700.53,9121.785,10771,7703,8296,5044,16295.67,2031.208,89643,4889.118,25072.04,229783.6,3157,32203,190864,117340,1212.672,6446.092,8185,3271.277,17832.05,11980.61,27790,5287,3830,16751.4,5892,5678,12451,20696,33603.47,33321,12269,15467,8165.709,7118.395,3126,9369.922,13565
19602,2-pentylfuran,1705915,1935782,1796996,2033090,1796892,4185722,764876,2402561,2427561,2887269,523325,2319862,1767355,2394305,6454553,4434374,3415302,628519,2890366,2031271,277782,317710,305060,287405,275092,304330,1549581,1819303,481209,313513,329399,1252466,287490,2384842,2331307,1657759,3896589,827917,1145421,489480,2780487,1890431,595796,522553,543474,500702,479481,628959,305576,315393,285953,270355,307170
160669,(2S)-5-amino-2-(methylamino)-5-oxopentanoic acid,554.3914,104543,79652,73158,84972,81927,1411.246,85130,78110,77462,97763,76938,98080,19870,95131,95783,624.0789,99999,99370.94,19040.75,56607,12006.05,74817,175.9564,60700,37433.89,44049.95,57815,30076.51,25098.73,4639.959,59875,58931,97887,69464,60597,74958,67290,74569,96492,71241,78496,93326,104875,155.7644,139.908,56079.16,79625,45130,59802,46827.78,58924,55590
11636,heptacosane,14497,24083,16400,11698,9605,20774,6634,22277,16182,20103,9490,15675,19165,20719,16296,16894,20523,28293,13605,9993,4711,7034,7241,5824,10806,9432,9749,8003,9215,6262,4466,6642,4452,11066,21401,17601,27284,9824,10785,7981,18010,36485,7941,7139,10046,9327,6546,10426,4632,3648,9387,4147,5090
29036,"2,6,10,14-tetramethylheptadecane",2595.007,2823,2106.031,2203,2215.956,3802,1692.612,7030,4499,4911,14839,3371,4167.045,4192.187,6430,2461.024,4786.966,6766,3455.216,5576,7767,1764.298,7775,1924.055,17494,20402,2215.038,3954,16656,10921,873.6743,5892,6168,1835.915,6264,3395,3740,4894,2553,14497,4394,2297.499,10531,10220,17743,4474.518,8572,13132,8269,5130,2184.631,6040,8983
41209,"2,6,10,15-tetramethylheptadecane",6065.651,10116,9636.729,7363,6305,15907,5628,16442.42,11850,13963,5864,9964,17180,13289,13974,14580,18557,10208,8828,8816,3868,4546,3832.734,3719,6521,6137,7904,6179,7719,4822,4295,5909,3574,7753,17281,13934,22762,6060,8659,5582,14794,30624,6148,5643,6583,6915,4625,6246,3462,2739.597,3486.483,3164.308,3548
16663,4-ethylheptane,18432,24602,22922,14452,13851,20522,12486,34189.98,21822.1,15639,98871,22312,23807,7635,19761,19166,21753,26298.98,22530,25729,57235.89,11129,62423.71,5716.063,60261.77,50474,13632,19366.37,47917.37,36947.65,4525,27170.38,26765,21383.35,25659,14448,14028,73876,17601.72,71913,21371,17444,43356,48407,51079,4650.832,72056.63,90621.35,52640.31,23360.17,12652,25306,24611
11006,hexadecane,30032,38287,33884,25083,23847,38265.83,20955,46248,43356,41115,73999,35436,34571,29257,40057,27857,40393,39838,28608,30950,39587,17338,34384,17670,59779,56084,23341,28293,49337,38483,13347,34163,33806,22154,42130,30098,32492,30154,27325,66954,34460,32741,61955,60287,77149.14,37005,55812,60361,39601,28783,21333,33710,41137
558451,1H-imidazol-2-yl acetate,5857,20263,19464,8601.165,33225,13679,41617,63664,30323,71022,3374.499,33001,15065,1900.485,31546,26116,34236,1114.187,39348,31350,1868.359,1512.532,1849.699,222.329,9865.188,4856.428,14940,25989,47516,2703.322,5254.742,26880,1680.219,46132,30974,34774,99768,10701,12954,2688.434,46390.75,129296,1718.35,2142.962,20193.87,7089.595,8842.53,2906.294,1996.885,877.6471,1423.053,3434.87,1179.921
557859,"3,7-dimethyloct-7-en-3-ol",2678.293,2951,7541,41815,4323,6677,14615,8350,13381,8748,14004,1920.439,4084,6306,58487,12774,12031,9491,3630,4704,3442,6339,9338,26597,38359,4044,6670,2946.765,2490.093,3252,6298,5935,2940,2317.7,8392,4101,8737,5781,3830.062,11164,3612,4446,10278,5250,6809,7639,6268,20650,3049.96,7759,2125.78,2891,5606
4133,methyl 2-hydroxybenzoate,12436,13283,15858,7423,8770,9886.118,6846,19717,9309,59823.78,5849846,15367,5072,2627966,75838.4,10512,9874,8078,6656,5542,5091,4562,11980,6368,4625,60731.18,6492,9203,4559,133329.6,3043.951,4299094,10285,4270871,29917.72,4509377,54664.16,149263.6,10677,57838.03,5920,16527,7524,186563.6,5706606,49.61518,10608,21137,137957.3,4115,8284,5793,7169
570742,N-(6-hydroxyundecyl)benzamide,13212.74,6938,7595.289,7581.375,7996,7143,5854,10773,9952,7964,9409,10972,10405.53,14242.69,8651,13137.26,15607.71,8054,9603,6543,6650,5140,6543,3481,5449,5430,10482,8172,9171,5731,2693.047,4038,7626,7754,8790,7845,11293.15,2470.234,3589,4600.1,10031,11137,3895.68,6228.67,21707.76,522.8751,5112,11680.37,7499.508,4519,3702,5915,3318
79882,"2,2-dimethylpropan-1-amine",2779.755,40203,22601,21359,2319.362,11602,1737.986,14876,19804,2883,4430,32485,23887,824.7739,4391,10576,822.2466,23816,25507,10461.5,7763,5363.524,12173,30.73825,730.6506,2893.142,12165.11,14448,17855.5,4717.88,44.22251,1984.839,20937,5115,8079,2645.478,2987,4033,22402,3446,14699,16092,3051,7007,3263,2587.568,959.7144,24048,3658,967.6307,24032,21416,2330.26
13544681,N-methyl-N-[2-(methylamino)ethyl]benzamide,97420,159891,110765,165803,19903,115937,114208,69131,275158,10994.27,76042,302046,199093,25429.54,14327.31,78400,101183,63452,243436.4,73308,71931,68490.85,107967,194928,6414.426,125690,131321,183020,57607,90350,34502,85484,125177,222947,452847,27904,8085.573,67399.04,166342,11139.64,209568,155966,125176,59213,101303,2.80E-07,13149.63,319352,74586,23855.05,235985,301943,7581.549
537332,5-ethyl-2-methyloctane,2694.246,5271.946,4351,3073,3366,4969.507,3367.665,4286,4519,3378,8287,5153,5212,1381.822,4472,4553,5211,4585,5665,2381.611,5274.134,2561.554,4762,13567,5249,4845.239,2561.2,2252.116,4178,2747.727,1068.089,2419.487,2928.171,5497,3809,3360,3023.609,5205,4185,7200,3795,4197,4767,6240,3642,261318.9,6098,8811.275,4393.316,2296.52,2634.931,2336.078,2518.585
9602988,methyl (Z)-N-hydroxybenzenecarboximidate  ,1070607,1243353,1259338,1058525,1199985,1410591,7156.241,1053665,1427406,529986,1498736,987137,1150799,2066419,903695,1146379,1413527,891825,1225449,605889,518252,592310,277716.3,1885.714,698114,410883,710210,566174,801540.1,574102,523347.5,320788,647158,808180,979434,679731,963039,669714,792233,576980,932966,1044324,667780,737360,1031402,446.8976,542428,673348,464514,437639,358760,406838,525993
2879,4-methylphenol,293093,9654.62,45720,20177,7243,8716,19713,10948.09,6817.137,557535,8675.06,290518,3198.229,3047.748,16358,4026.162,6546.232,4804.011,169714,9043,4695.271,33328,7642,4839.745,638365,184955,26445.66,18093,26008.8,71778,186855,8279,43948,32596,43255,457191,1190.31,28902,15846,2148.064,87659,7502.82,8375.855,17613,1627266,436.2037,334951,3893.051,20426,2150.186,24886,101369,6561
22545,7-methylpentadecane,47238,78644,68732,46655,43420,74673,46348,75248,71484,58602,76076,70494,77885,27394,73215,71930,76179,70644,77093,43633,45140,43258,51733,31778.44,49124,45290,43546,37925,40845,39236,17745,45298,46648,74943,66274,53335,53657,71678,63452,74701,62343,65030,82729,88420,68982,6401.862,76993,71227,36938,37788,43377,43154,40360
21205,methyl 14-methylpentadecanoate,8513,8342,9156,7260,5046,9503,3560,8685,8987,9548,17654,8469,8499,25635,10703,12257,8863,17397,9224,3718.889,6793,10889,7262,6910,8570,7284,4704,7892,3952,6751,6423,4347,7557,6403,8576,7340,12702,4699,4540,10795,8921,11113,10990,9171,12215,8184,11016,10890,6660,5500,5320,4796,5539
5367937,[(Z)-pent-2-enyl] pentanoate,17134.37,19780.38,23157.43,16508.09,13837,11970.72,8505.269,22211.95,18712.85,10349.77,13902.7,10972.2,19925,20033,22514,13105,16865.32,14505.85,11871,6821,5425,6332.242,6873,5599.609,8012.176,6253.057,7623,5857,10887,6175,4307,3963,5391,6566.67,13884.84,11734,16161.43,7314,6303,8495,14315,15558,8147,9182,15863,13222,8958,8082,8107.129,4982,5933,3288,6414
460,2-methoxyphenol,156493,263710,150737,105124,57367,117891,142677,83478,95565,38097,168134.9,224613,84130.6,54223.23,24802.34,57144.45,47174,62488,105055,39574,31928,66906.79,160332,71562,9025.782,188373.7,69169.24,82542.68,105725,211116.3,37170.43,180172.2,59309,279758,244918,124659.7,8898.012,178221,123872.4,24186.64,79458,227793,222816.5,202466,66490.05,8130.96,27816.69,149015.3,145790,50677.26,154438,115412,16372.13
8814,"4-(2,4,4-trimethylpentan-2-yl)phenol",19271,10098,14218,6313,7415,11552,5268,30956,11215,11433,8979,8261,7633,9037,15988,17311,10270,7587,5256,10053,4266,5260,13314,5070,4697,4045,7593,7496,4527,4696,4398,6186,4256,8916,12456,4768,9392,5724,5400,6660,10960,23983,7167,4861,5729,6419,7285,8174,3969,3969,3462,3154,3294
6643,4-(2-methylbutan-2-yl)phenol,15532,19755,13705,5926.418,6769,9345.978,5016,23260,8518,8837.796,6985.231,6514.405,5974.501,8065.251,13547,13359,8180,7218.207,5212,6854,3564,4254,10847,4536,3630,3524,6677,5852,3817,3485.612,4045,4181,3303,6416,11314,3849,6751,4788,4551,5881,9812,20368.17,6184,3823,4330,5088,5891,6853,3365,3475.843,2805,2419.016,2810
522537,(2-ethyl-3-hydroxyhexyl) 2-methylpropanoate,4963,14339,8954,8326,3385.53,6567,3264,8296,7945,3105,5051.292,11282,7029,1426.239,4354,4659,5403,7850.898,7431,4808,4527,3061.339,4595,129.2134,2453.08,5078,4137,4320,6242,5318,1280.529,2886.892,5535,5183,77476,2644.471,3200.604,6952.506,6897,4275.972,5324,6835,5607,6344,4166.59,117471.7,5311.806,8231,5329,2028.471,7769,5637,2425.71
622436,trimethyl-[2-trimethylsilyloxy-1-(4-trimethylsilyloxyphenyl)ethoxy]silane,63154,163957,81069,54720,95460,92310,66030,96139,96901,89945,587756,86224,118916,84908,81119,63365,108718,73549,94800,341986,388381,46432,404962,55735,495766,1020251,74475,232229,1321221,677174,44689,312754,318396,72822,296334,176256,66359,99430,93287,392258,76648,90992,575951,496758,846876,380.5674,373041,542554,401934,280205,53272,344647,359075
7976,2-methylpyrazine,568725,4217083,5189424,1907516,1045154,3595435,5844014,1278894,4365749,2942701,4129104,1521060,751200,225337,3537275,835914,382354,213957,569245,1041052,971713,1076061,864482,39499.46,1647808,1595436,455364,583140,543596,1396489,176901,2831740,682397,5594969,3667250,5329500,384097,3547670,272639,1072749,8681477,2035822,1189127,291605,292697,187.2533,1028817,1631451,1766460,1004133,1116418,944368,1680280
10969113,(2-methoxyphenyl)-trimethylsilane,1866.421,62159,33281,33417,47504,29257,612.0331,34133,37573,34751,24182,40774,59170,28685,43023,44563,1317.815,24098,42552,26156,11870,19085,18191,1.744269,18475,13519,16975,13301,55607,26012,11068,18178,16059,40031,27972,12873,49519,31543,32182.91,23840,29542,23596,34793,31233,15496,244595.6,22979,21114,22052,12924,14733,12335,13158
91726212,4-O-[2-(2-chlorophenoxy)ethyl] 1-O-ethyl butanedioate,9492.295,30837,28959,9275.08,1541.204,5218,9681,25114,1659.678,15301.64,6358.892,23938,4859,4903.651,17244,12382,7895.407,12829,15782,5558,6708,5952,10924.04,6616.822,1211,15628,6157,11604,2750.799,14185,9718,6112.424,6454.595,9427,2075.524,12855,5650,7627,7960,7834,7785.055,12971.15,7199,6333,2445,6480.662,7097,20992,5275.416,3870,12501.2,3252.846,5262.583
6421048,nonyl pentyl sulfite,9401,19659,18573,20222,9662,19539,7256,9786.961,35735,3052.859,17515,50127,22935,11998,7207.249,14047,10067,13374,40520,9462,6673,4635,11642,2694,599.5112,21726,14450,13124,18746,20294.01,3875.807,7550,12337.22,49980,11992,24558,2997.868,18420,26115,3100.972,10824.62,21627,21159,36050,22266,4035,3189.103,17309,12330,5404,17961,25911,2412.215
11230,4-methyl-1-propan-2-ylcyclohex-3-en-1-ol,37270.8,71895,39959,40154,32188.99,23399,13886.14,26074.46,44794,18557,31620,41781,54095,34285.75,20354,48453.25,23208,20896.38,27331,25399.22,19883.22,9247,34953,32860,9591.897,15240,20822,19210,13614,24996,7548,15087,18361.79,42563,21001,63699.82,24313.26,30278,43961.85,34789.28,34007,30956,38597.33,48929,52428,186129.4,18256,113106.9,23074,12309,45662.97,42662,8639
9256,"1,3-thiazole",12407,12449,17473,7487,6458,6059,3877,16855,9529,5826,12392.68,8756,8690.487,6824,8296,6246,8488,7045,5121.279,5450,3928,2800,5516,3175,10154.38,4865.247,4789,3046.102,5731.48,5290,2077.282,2920.109,4527,2771,7011,4795,4996.007,4127,3159.699,7153.323,5993,9665,4894,5542,10265.9,4162.657,4885,8769.138,5948,2820,3017.665,2579.722,3632
6212,chloroform,282839.3,867405,419890,479899,676726,427637,17631.48,551298,336590,361336,426812,402010,1134909,32134.58,244447.4,725034,4314.595,63054.08,218.1727,312.4438,419306.7,465.8317,111333.2,1575.743,451569,3641.048,265.8821,745994,229.2632,9049.672,192.9792,33161.53,20152.11,326389.8,608113,215175,522435,271453,586580,640812,472194,558686,587411,804564,5.78E-08,340759.966,829.8158,481584,416615.6,481417.6,5949.408,767456,720418
12388,tridecane,21707,24692,13369,15689,17069,30811,13473,53757,39422,37297,155833,26254,32399,31547.86,48473,19083,34939,48598,25096,60383,97567,13376,89643,13306,187638,229784,18965,41321,190864,117438,7110,62550,66923,12170,46311,27320,28447,44506,18792,156426,33015,23104,120510,108532,234487,33321,88639,142195,100068,55560,15593,71800,99149
31355,tris(2-methylpropyl) phosphate ,72875,109772,113515,66902,62604,70841,68927,120840,78643,99057,85591,98662,83233,93455,95215,96265,104871,73798,96430,65441,43978,47921,58369,53932,45357,41266,50223,39353,58986,57006,43111,46340,46280,53874,110596,71099,55975,77635,56117,58009,71237,100942,85673,52940,64385,81180,81427,77453,54518,30711,35113,29396,39787
14257,undecane,281444,432542.1,378186,294211,266129,375108,257148,457196,455409,309496,593029,430162,445387,177761,417567,407717,466214,455320,460567,298450,375294,238937,414757,252923,377870,373960,291699,268926,356419,300491,108924,317510,305663,465203,412585,365133,320355,508141,370847,545735,372161,396923,538373,596187,533319,17867.98,544830,607474,354905,268737,276912,339041,267324