pubchem_CID,IUPAC Name,1,2,3,4,5,6,7,8,9,10,11,12,13,14,15,16,17,18,19,20,21,22,23,24,25,26,27,28,29,30,31,32,33,34,35
17100,2-(4-methylcyclohex-3-en-1-yl)propan-2-ol ,246242,469486,444527,233639,378752,220692,500044,52691,1010859,86177,407579,241869,1201489,171015.3,289336.9,348162.6,34915,22898,566554,1036059,311560,177738,498844,165079,41527,385117,567857,339967,690016,333985,227884,33063,164211,119400,329474
6429350,"1-[(1R,7R)-4-methylidene-7-propan-2-yl-1,2,3,3a,5,6,7,7a-octahydroinden-1-yl]ethanone  ",11040.48,7268.941,17199,12631,13872,7884,8172,21932.72,16616,15974,18918,20490.65,16162.85,18520,9016.203,10775,17085.51,13606.99,6431.705,12147,6724,6209,9052,11993,10042.7,15923,11479,11624.39,17323,18740,9913.434,14934,15211.16,10024,13400
16821,5-octyloxolan-2-one  ,5996,5200,9477,10369,6770,8918,18290,11413,16455,12854,8622,8025,5298,7033,5248,2936.812,3202.551,2566.245,2183.943,2513.058,5346,2325.258,1850.987,1489.926,4635.279,2052.609,2706,2923,7525,2410.642,2053.102,3182,2588.421,1908.937,2021.558
6818,"1-O-butyl 2-O-(2-ethylhexyl) benzene-1,2-dicarboxylate  ",18294,8915,13290,21283.72,17836,15485.31,18351.04,18345.94,57798.86,17479.72,17478.4,16090,10998.48,15252,7569,10398.38,20738,4982.08,5522,4025,5400,4690,4457,13835.46,11652,16952,8942,6374.43,40354.39,24618,11862,12868,15392.85,10076,5835
76888,"N'-propan-2-ylpropane-1,3-diamine  ",173.3962,87.12218,544.049,116.4132,3342,3438,11733,8626,8768.151,3776,2406.321,2056.545,7895,8065,1117.76,6272,3757,4610,8174,827.4855,7646,312.0405,3974.794,537.6057,1229.461,5458,6598,4448,17449,2397.212,3479,5486,3126,464.3845,10864
136353,"2,3-dihydro-1,4-dioxine  ",1223.343,15783.36,3851.075,8834.985,61856,987.2957,53132,63182,1502.121,67311,75816,81.4833,58475,64895.03,71578,3474.406,83009,43099,64797.69,36515.08,22786,838.2779,1265.435,42090.51,25332,75980,66908,51417,45849.37,2548,51162,44450,35994.17,65416,59935
136569,"2,3,3-trimethylpenta-1,4-diene  ",15613,51962,79346,39232,74171,44044,128017,23100,166661,33550,79478,64775,167837,28295,65142,76362,51347,35927,80707,82957,73454,51822,66196,51752,15999,79605,164629,142100,95113,90439,41028,17372,49452,21982,78531
146102,"2,6-ditert-butyl-4-hydroxy-4-methylcyclohexa-2,5-dien-1-one  ",4603.543,5731,14584.27,8501.885,7991,9583.454,19814,13650,14584,14034,9856,15328.85,9526,19186,9912,10736,11389,8733,7898,9211,25892,11328.64,8839,5133.389,9865.09,8970.602,11879,8702.057,24401,8809.899,9984,15740,8979,10269.68,10784
1367,benzotriazol-1-amine,206474,1524075,266549,371025,742002,371879,260832,202352,1282223,277786,802869,928253,1283299,665750,433259,237742.8,219074,144011,173830,537607,437632,80080,194495,244020,140794,327227,490759,529276,210977,1357731,24793,165662,69048,38051.12,331284
29996,N-propylhexan-1-amine  ,135279,126288,223682,149651,126643,132614,158202,185257,222822,182517,176614,252460,173963,221847,106083,99610,153313,103381,89127,120406,109335,66016,82301,100447,99455,167714.9,163189,126893,188694,185713,114408,96188,129371,91601,260064
7720,2-ethylhexan-1-ol  ,714519.2,1238011,1518045,481644,877749,479238,1914251,567260,1988090,1238655,898000,5503.919,2120394,1122630,784391,1615405,642637,335635,860498,744859,969608,487795,1412398,448870,398079,1354479,2101274,740957,1470946,1290421,499750,469609,539595,421170,1323730
549578,"3,3-dimethyloct-1-ene",7707,12048,39053,14445,28026,18052,22568,17333,24080,13501.29,39039,44390,36499,24021,19157,14392,4363,8654,17255,16456,19862,10460,9945,12528,16577,22847,35655,22883,14713,22711,8366,5217,13194,7387,32425
13596727,2-but-3-enoxycarbonylbenzoic acid  ,10007.3,8849.54,14206,13530.77,17662,12531.31,12133,11522,13718,10505,14056,21024,12860,16084,9867,22728,28397,5554,6274,6505.561,7480,7919,4848,24134,24507,35899,16209,11332,54113,46903,24141,21247,29871,22420,4351.724
551986,"2-[(2,4,4,6,6,8,8-heptamethyl-1,3,5,7,2,4,6,8-tetraoxatetrasilocan-2-yl)oxy]-2,4,4,6,6,8,8,10,10-nonamethyl-1,3,5,7,9,2,4,6,8,10-pentaoxapentasilecane  ",5666,6074,10485,6301.967,13112.66,9647.493,32887,7168,7193.03,6822.226,7939,13281,10272.53,5741.779,5195,6114.152,6797,10511,7718,4530.394,4119,5823,6597,5786,5372,12221.86,9844,30005,10236,10475,5741,7320,8096,8056.262,3020.903
23284,"[2,2,4-trimethyl-3-(2-methylpropanoyloxy)pentyl] 2-methylpropanoate  ",93765,70908,355303,132534,251388,149909,201121,116929,104849,192947,243393,283373,159255,190614,117935,71746,104232,105997,100139,143758,131682,125429,61179,126872,109877,126491,314189,257466,89451,174334,480878,111856,146970,285902,82283
520958,"1-(2,4-dimethylphenyl)-2,4-dimethylbenzene  ",5091,8418.043,9205,5163,10347,7377,12634.72,15422,24498,9520,25617,26291,8346,20051.84,7912,3541.209,3710,3561,5648.215,3247,9403,2620.121,3246,1832.554,3895,4662,13234.19,8102,2683.446,2967.191,1876.034,1372.954,2338,2152.278,6119
6041429,"E)-3-(2,4-dimethoxyphenyl)-1-(2-hydroxyphenyl)prop-2-en-1-one  ",24386,32414,42337,539631,98890,70558,89525,83231,762568,92114,19247,133240,769824,125222.3,9552,53999,360479,74725,82129,816320,69858,242951,212861,43383,39034.21,79222,490742,170359,76285,303339,56433,270896,256088,50267,161457
91742720,bis[[(3-ethylphenoxy)-dimethylsilyl]oxy]-dimethylsilane  ,12783.89,29285,38871,22453,27646,17768,21976,13941,26640,21637.95,41876,47218.37,88927.99,42377.51,13496.58,10247,11695,10117,13654,14610,13361,8689.125,11344,12129,7712,11227,39751.59,27065.66,40324,30686,10173,8928,15178,9858,11149
14345507,2-trimethylsilyloxy-2-(4-trimethylsilyloxyphenyl)ethanamine,46461.37,49743,111260,66004,55750,52570,143287,142684.9,128180,133772,70679,70155,69492,152108,57198.47,75811,85619.18,66308.3,48192,66505,185822,77151.14,56136.43,32843,46523,49499.18,73616,46741,156127,56685,56552.16,102419,45079,57179,73761
5370325,bis(2-ethylhexyl) (E)-but-2-enedioate  ,7028,6802,11344,13540,10850.63,8983,13455,9101,15732,8990,9543,12960,9309,11928,5506.933,933.1613,2908.014,5646,4596,3958,4500,6601,4234,1128.009,564.7924,1811.582,7605,11840,1313.588,2566.175,1246.802,818.6775,1736.996,783.2444,3172
8095,2-ethoxyethyl acetate,1608.426,1917.43,1746.667,2703.882,4997,4343,10639,7630,12647,26788,10099,107.045,5268,13459,3396,6667,9278,3260,3510.533,2089.175,2885,1522.89,3087,2832,5718,6404,6711,5297,4139.419,7522,485.5931,3188.727,1550.205,1451.359,5468
574439,2-(hydroxymethyl)-2-methylpyrrolidine-1-carbaldehyde  ,31878,355205.6,41115,1080428,6489854,7754310,5292649,5820796,5853170,6617614,7643716,21565.34,6932096,7474614,5071192,5116799,4843656,3832936,4724953,4024204,2544448,2394275,3925942,4226913,3158955,7083277,7430250,6415096,6351712,6382022,4514975,4107870,3352310,4680716,7122479
567717,2-benzyl-1-morpholin-4-yl-3-phenylpropan-2-ol  ,29622,15970,18800,15907,24903.89,25462,6628,4665,38741,8821,29221,7783,16563,1705.862,4597,2287.741,3652,8014,11020.65,1861.953,6218,3613,1308.029,6142,1801.666,5705,5256.7,14413,7724,4204,1126.045,2886,3172,825.2626,1750.349
5370158,"(E)-3-(2,2,6-trimethyl-7-oxabicyclo[4.1.0]heptan-1-yl)prop-2-enal  ",13660,10325,14683,7855,9718,9795,7622,6826,8708.933,9762,8753.11,29118,10748,14461,4319,23844,51114,5179,4805,5940,3462,2599,2597,46372,24654,52606,7819,10063,62589,109320,16979,17383,37606,22029,2441.361
21630,2-ethylhexyl 3-(4-methoxyphenyl)prop-2-enoate  ,99657,58074,3780,10565,3278,1332.712,249687.9,379389,79737,46004,6537,3189,2584.895,2661,8038,1283.433,1540.686,1444.762,8005,7571,2873,3697,2498.984,1377.548,2903,9798,2428.068,3407,3243.46,2050.944,4979,1979.885,1528.372,5667,19280
574648,"3-(3,6-dimethyloxan-2-yl)-3-hydroxy-2-benzofuran-1-one",1846.329,9432.392,157.0686,7538,13804.02,8899.705,8732,236347,46378,135739,18395,788.9525,17535,168695.7,9939,16672,113587.2,80255,20455.33,31029,5906,5901.389,8566,6980,3790.031,13385.16,16196,11126.49,57686,19185,6630,3112.655,5906.43,5272.118,8304
137353,"3-ethyl-3-[4-(hydroxyamino)phenyl]piperidine-2,6-dione  ",1478.566,2967,11112,1994.835,1931.537,12579,12971,8104,7371,6756,2505.616,3147,1490.124,13236,26016,3421,3016,2368.937,1174.921,3709,38355,3997,2291.023,8912.776134,9148,8912.776134,22.36682,1475.002,80459,521.7326,2065.731,20405,3691.181,3204,1137.04
102123396,"[5-(4-hydroxybenzoyl)-4-oxido-1,2,4-oxadiazol-4-ium-3-yl]-(4-hydroxyphenyl)methanone  ",673481.9,508955.3,738442.2,949035,654519,494882.2,730945,716811,1592741,729822,840062,1173569,1394097,893346.3,431937.6,267282,739222,581437.9,552244,1094549,51457,495834,492434,259029.9,468269.4,498441,1079595,714130,470594,873632.6,328547,487046.4,621085.1,301040,477928.5
558880,"(5-oxooxolan-2-yl)methyl 3,5-dinitrobenzoate  ",4803.291,3862.388,11404,26277,17720,7972,17548,9962.991,5954.656,15634,23438,5154.942,2414.905,10078.92,19909,3985,2440.679,8806,4954.325,14827,12670,6324,1475.703,4690,11728,5176,9861,5335.22,4074.016,4446,7288,2598,3906,8673,8276
73219,"3,5-ditert-butyl-4-hydroxybenzaldehyde  ",11512,14428,36693,19388,5052,14651.88,9123,13250,3727.563,7352,14655,90006.42,13453,31122,2819.672,7017,17938,9025,7169,6547,3538,2328.334,1857.297,6684,3901,5135,10469,13432,11165,11764,6551,4145,18063,6148,5645
141033,"3,6,6-trimethylcyclohex-2-en-1-one  ",12527,16442,60568,15173,33742,18441,27196,9756,20452.89,31040,52309,20272,31706.7,23656,16442,7023,8898,4809,11527,19764,10000,11770,4136,11497,11940,19083,48479,28130,46954,44670,8684,7537,23621,4896,11276
66013,cyclohex-3-ene-1-carbonitrile,3823.352,4337,8983,1070.411,3230.442,1543.268,9727,3594,7716,5620,3250,574.9728,6861.747,3918,2467.823,8979,2711.937,1311.772,4675,1935.806,3704,1748.142,5374.796,1275.24,2335.205,10331,4791,2604,6051,3514,3033,3101,2426.292,1586.725,4576.198
530435,cyclobutyl 4-ethylbenzoate  ,452.0863,1220.124,543.7558,765.4655,38348,22605,27058,35182,96490,31197,52318,59.44979,30775,53618,16314,21327,26420,16343,25145,14288,33839,11382,13341,13216,8696,24694,32002,16937,33899,26433,15750,26008,7426,12973,14643
27470,3-methylheptan-4-one,6767.735,13045,19263,11831,14301,6158,29386,22949.26,40267,26662,14173,747.4864,37264,26795,15460,35880,5870,4205.95,14257,9229,19037,4521,26308,7246,5665,23781,23317,14146,27140,25033,8588,4903,8473,6002.191,23260
70,4-methyl-2-oxopentanoic acid,6610,7267,14601,7215,7754,6853,11390,8860,18924,14186,9356,9394,11549,10578,6811,3451,9900.099,2642,3993,11147,6047,3665,4075,2148.411,4819,4810,7622,4706.285,9219,5902,2759.236,4025,5087,2838,3948
520181,4-methyldocosane  ,14072.33,18580.2,18507,9507.926,21359.79,7983,24298,23399.72,55143.31,16722,10536,12363.52,31651,33200.88,12657,22994.13,7805,4235,10955,9506.332,28944,7302.19,21101.64,7293.472,5738,18585,44391.16,15683.17,17023,28107.78,9534.007,5199,16196,4769,18641
91731726,(4-trimethylsilyloxybenzoyl) 4-trimethylsilyloxybenzoate  ,4880.442,75656,97806.25,115783,73000,104967,196430,150287,239671,151197,103296,3657.023,95691,186859,89563,125145,98797,55428,70345,98631,308173,103994,90069,46886,66620,79434,104836,68147,285291,90922,92856,162647,64302,84793,62524
575987,5H-cyclopenta[b]pyridine  ,704386,260239,572654,1137426,9175372,110623,6438842,165008,117982,361885,406676,129983,160308.7,394228,177396,45834,391775,425983,621662,399137,217362,220844,2881.212,93932,2238.625,501039,271641,2978395,233116,773907,433074,785066,1238661,135.9717,157551
586164,"3,3-dimethyl-2-methylidene-5-propan-2-ylfuran",403.1602,12955,3056,4769,6456,1479.591,3563,639.9437,17264,1442.983,6982,3791.678,16284,1791.826,3471,1852.846,1520.25,474.6054,1369.952,3262.451,1997.544,3512,853.5447,3944,1476.419,6491,13301,10496,4279,7645,828.0306,1008.187,3261,342.6177,3322
7410,1-phenylethanone  ,336265,506391,829493,247770,608236,293402,925267,589239,1184005,1097132,705480,400238.6,960358,690023,503196,1028732,352978,168822,539829,371824.4,674480,259363,504946,269722,250017,922682,759550,492297,725973,798670,398356,232218,330683,198264,767353
91713521,1-O-butyl 6-O-propan-2-yl hexanedioate  ,22235,10608,6241.62,38327,29115,17140,10342,10387,6077.39,10507,19590,7191,15254.13,13206.84,13472,7818,7674,9948,6007.771,191777,13074,6239,1727.939,10300,6244,17367,25022,22303.24,10180,8932,8668,29891,27320,8768,14135
180508,tris(trimethylsilyl) arsorite,909.6777,47636,66316,42450,35846,34496,161785,72650.92,1183031,71511,134350,389.3356,279973,87260.44,38559,191756,74394,32529.74,101312,65440.63,61480,18645.06,178242,15022,15092,59067,79736,15824,49238,128500,32243,48903,27395.67,15993,55643
1303,2-hydroxy-2-phenylpropanoic acid  ,164707,909276,475450,539572.6,511883,549776,437476.5,293560.3,1221188,381992.5,493739,692281,776479,994063,646276,456966,377197.5,169908,178225,906401,775218,229049,255255.2,243113.4,335843,287491,332498,480730,366356,1121120,65738.86,309557,164419,99377,555303
9231,azulene ,45744,76360,118282,115627,127003,90930,82358,39059,36281,35415,125845,173802,40608,40073,80864,71295,24921,22438,65536,121321,88326,53534,13146,72878,39743,104878,118730,103379,31529,128202,55550,29342,68114,44560,91429
240,benzaldehyde  ,3326.821,2802.814,7797.907,69738.99,203837,192471,347374,259741,432054,747076,251569,4118.359,252586,334736,145154,288841,184403,81692,150937.8,89219,138756,81602,234455,100841.9,191767,225053,279896,161894,284809,232180,103620,103606,76543,95157,184204
34225,"3,5-dimethylbenzaldehyde",15703,14455.28,10527.58,19810,54389,13739,6940,59495,82314.28,34446,46020.28,38017.15,15465.91,43338,19954,8228,41390,14066,5546,17781.93,9474.222,9010,4912,7996,3013,13488,20068.26,21320,14079.55,32051.37,9690,9823,17195,6394,10625.12
7406,cumene,194.5992,22789.04,392.534,27252,47819,40707,35010,43254,50594,50201,37264,182.4778,66931,49954,29721,40803,30513.5,24693,65704,58670,45452,19523,37806,24381,55876,55927,44572,45599,35298,39870,38612,29519,30883,38687,33643
7602,"1,3,5-triethylbenzene  ",7423.618,7851.108,19864,39284,10983,11055,21951.21,26349,62773,14948,11393.79,16147.72,48683,33411.79,14993,13117.54,58945,9397,8462.047,69725,28761.68,23137,20490,3445,17534,9674,29185.96,7954,21718,26103,9187,27949.17,28266,11916,15281
585014,1-ethoxy-4-[2-(4-pentylcyclohexyl)ethyl]benzene  ,4405,10631.51,12782,10688,7261,5214,6577,10605,13638.41,16468,9536,12027,18369.83,15925.12,6418,3790,8816,7465,4272,6570,5479,4862,3375,5038,2906.346,3892,13280,10797,11236,9908.263,3189,2397.115,4984,1986.738,4151.346
12160,1-ethyl-4-methylbenzene,110834,144672,292141.1,8060,13308,16215,200517.3,12307,326039.8,10386,191533.7,3930.079,22341,14168,10144,11242,108215.8,7611,17392,16416,11755,4118,188421.6,7741,19385,16012,13335,12350,13711.38,11126,12261,9069,10636,16026,145431.3
998,2-phenylacetaldehyde,8377.852,18997,21812,5811.807,9065,4598,7954,7506,19067,11785,9185,327.2896,6554,17739,5390,6704,4893,3961,2851.005,6242,3553,5912,8008,5052,3664,3994,9836,20516,20730,19169,9086,4062,4561,4525,3579
12053,2-phenylpropan-2-ol,2182348,4975350,3907025,2408380,4672726,2021839,3457698,1578985,8646185,4569499,4242153,4068166,7087416,4752876,3543388,6049024,1708923,870319,3499868,3098284,4253422,942865,4338404,1930080,1267800,3992925,3408330,3711652,4836808,6086686,1753168,1010050,2147387,1485644,4811081
637516,(1R)-1-phenylethanol,8096,11700,14619.2,6878,18290.79,6161,10564,5761,32201,14652,11537.92,9286,18684,10938,10305,14911.17,5493,3022.42,9977,10750,7203,4494,11080,4308,3206.019,11888,10290,11804,8674,22926,4504,3499,4587.628,2409.335,7929
103653,2-methylbutyl benzoate,15892,16748,22199,9278,14841,7555,14916,15127,52114,12257,32075,40130,24721,24960,20256,4928,1749.348,12250,9715,5910,16779,7901,7840,4489,4272,6733,36578,16793,8501,2778.743,3226,1659.88,2144.836,2959,15942
90232,ethyl 4-ethoxybenzoate,673482,508955,738442,949035,654519,494882,730945,716811,1592741,729822,840062,1173569,1394097,893346,431938,267282,739222,581438,552244,1094549,644210,495834,492434,259030,468269,498441,1079595,714130,470594,873633,328547,487046,621085,301040,477929
3102,diphenylmethanone,25972,25885,76685,53397,34598,54395,37707,46758,24132,38933,58613,183216,13444,59184,29779,11211,25315,14395,14476,31229,19972,12916,4885,17746,13672,16833,43764,67256,10307,48655,13041,9816,27892,10161,21937
7222,"1,3-benzothiazole ",21869,17911,39629,31693,48996,26117,40113,18597,42787,27362,41897,36332,45126,25637,27976,18641,12103,12464,22904,29430,23504,12584,9563,16309,17501,35251,39146,48503,18631,33128,18803,10694,21673,6758,56421
244,phenylmethanol,660133.2,137038,145310,130108,228877,107941,135236,82170,405632,159774,413481,161583.8,274531,153229,144062,128881,120946,47034,129310,164346,126727,67122,70571,78678,39006,167168,183059,246135,149012,312384,158939,40790,80408,64966,156386
10047,"1,7,7-trimethylbicyclo[2.2.1]hept-2-ene",16616,39651,35800,19067.18,31564,12442.37,44358,3072.459,94702.9,4225.894,34070,16765.01,122019.6,10714.51,22380,28474,1994.205,1506.044,42981,87844,28689.89,13767,43368,12789.23,2266.722,28597,49351.06,26193,57556,26766,17603,1838.095,12238,8726,25272.45
8343,"bis(2-ethylhexyl) benzene-1,2-dicarboxylate",10777,12088,11679,65571,12245,10813,28434,7594,9450,17321,10352,6379,7536,8739,19763,4752,5053,7301,3230,4682,4318,3885,4025,3971,7664,2528.973,3846,10807,10400,2969,3444,4147,7396,3174,3933
86498,"2,3-dibenzoyloxybutanedioic acid ",2743.037,3302.001,8096.066,27626.27,7810,4202.8,11056,15898,48439,14364,7533.089,7638.675,53417,13192,5304,7341,48717,6693,6369,49081,8604,12337,26587,3719,9235,6801,32422,4921.683,11763,22935,4345,18366,17903.52,3298,14918
7770,propyl butanoate,153099,118838,583590,185025,252473,189688,310258,140626,148147,236987,330250,382985,200088,230911,151800,88481,132965,128157,134218,168375,181282,221428,74961,128811,143435,143763,342314,303670,118252,195451,970581,126331,191943,547577,107252
85781,bis(2-ethylhexyl) carbonate,19033.22,30102,53410.25,18377.41,34376,19768,26124,28473.38,79833,23487.28,52575.4,75382.44,35965.45,42704,35087,9828,7592,27507,17127,11364.28,33273,19856,16561,7053,9396,15834,46109,21818,19613,16558.92,8731.111,6366,9031,8488,6274
9268,cyclododecane,378981,474961,288588,416685,532573,688935,390582,677332,69326.6,437006,1346741,1348076,832708,767515,291684,337339,357110,201762.9,333828,352238,292311,168638,31536.76,881248.7,333112,251052,803969,1010019,471876,1223163,617015,455915,760819,602703,403590
7874,"2,2,4,4,6,6,8,8,10,10,12,12,14,14-tetradecamethyl-1,3,5,7,9,11,13-heptaoxa-2,4,6,8,10,12,14-heptasilacyclotetradecane ",58991,62983.01,64898,152742,103728,81928,99753,119585,228345,102091,172757.8,186001.4,304499,115568,54554,52249,126968,85878,116629,200616,113697.2,79269,65798,59659.82,119726.1,140150,185107.5,146085.8,74419,152709.2,75358.62,125158,124690.7,62977.56,47459.36
16021,1-ethylcyclohexan-1-ol ,4915.091,8438,12264,3633,5050,3637,14658,7019.683,13741,11509,3970,464.163,6245.681,11735.57,6706.348,9854,5320,1532.931,2513.94,2500.521,6604,3284,6576,1662.929,4659,4787,8878,4309,15585,5513,4244,5021.027,2808,3491.426,6022
89437,1-methyl-4-propan-2-ylcyclohexan-1-ol,39754,42659,255891,109260,133786,98407,323394,76524,43425.12,133005,174537,116016,169638,68117,51454,39865,39725,98785,62244,88326,108593,96690,45800,112191,64255,82249,403319,240707,65536,97369,64544.04,102731,97205,59234,123425
11172,"2,2,4,4,6,6,8,8,10,10,12,12,14,14,16,16,18,18-octadecamethyl-1,3,5,7,9,11,13,15,17-nonaoxa-2,4,6,8,10,12,14,16,18-nonasilacyclooctadecane",9546,12949,27092,7998.945,22612.79,28645.2,37217,20084,16381,22064,20151,31633,24716,21314.39,15048.38,9430,8762,21531.13,18070,12185,13479,14802,13984.15,8206,9267,19850,23211.01,38488,17642,15490.33,9742,11587.05,13971,11127.72,6324.041
11170,"2,2,4,4,6,6,8,8,10,10,12,12,14,14,16,16-hexadecamethyl-1,3,5,7,9,11,13,15-octaoxa-2,4,6,8,10,12,14,16-octasilacyclohexadecane",30288,35275,60456,29948,48750.97,53993,76612,62203,52715.02,55975,73344,94565,101580,72936,38706.92,22590,23982,58687,66524,41080.66,45419,37468,35736,20709,48332,74807.78,64943,106337,40765,36324,26372.57,34586,44467.85,28813,13766
544716,1-heptyl-2-methylcyclopropane,4521.451,316762,5327.134,5580.703,7181,5660.426,7106,4912,8640,5144,112085,9428.735,323664,25436,3778.011,3086,3240.695,1797.638,2458.909,18591.54,3087,3238,1570.616,2926,2791,2501,168029,3498,30821,4144.52,2987,2276.068,3607,1790.649,1948.759
11169,"2,2,4,4,6,6,8,8-octamethyl-1,3,5,7,2,4,6,8-tetraoxatetrasilocane",4841,4687,7234,4282,4715.134,4241,7759,5639,6210,6550,5237,5624,4261.706,7287,3941,5964,4079,4575,3703,3182.409,6499,3536,3177.497,2864,3808.241,5118,6860.057,5340,9112,5167,4396,5004,3602,4395,4545
10914,"2,2,4,4,6,6-hexamethyl-1,3,5,2,4,6-trioxatrisilinane",3221.944,4857,8502.825,39950.76,362178,205447.9,478604,425393,509708.3,381222,522199,972.5311,450484,246875.6,210530,12701.1,440052,250248,502384.6,272975,503443,319595,274758.5,158424,156492,335084,363114,258990,465145,323130,40990.45,73573.65,143368,282343,390975
8175,decanal,20026,28015.92,68554,51906,22861,31848,147923,72592,172380,103560,12138,21571,28217.5,10088,3312,3115,3354,2309.47,4709.425,11368.5,3744,2437.695,4369.755,2778.866,4238,4882,7072,4465.047,8335.723,8100.355,3572.49,3283,3810.703,2632.248,7911
15600,decane,3415.923,25878,40010,29561,44233,27301,33477,46103.85,38211,39822,40780,1386.873,44436,50960.8,25667,26070,30946.87,22221.22,29152,26816,17901,17931,23155,20648,22602,42328,41002,36022,40009.85,41166,22803,20474,17665,20939,20391
17835,4-methyldecane ,54387,53983,72681,70062,80096,44625,61449,65530,107865,66692,71470,73275,115022,75480,41775,41076,96354.05,40046,51426,80114.96,30486.03,44992,82310,41177,48508,74311,92942,60996,70388,83110,40332,47053,41007,40594,48048
8194,dodecanal,11650.49,9634,21091,14165,11198.01,17761,22957,21199,15688,18457.99,16497,16813,12783,15187,6829,9015.783,7995,4878.056,7091,8693,11836,7628.749,2355.308,9939,9083,7933,9218,13075,14253,13519.55,11377,13036,13038,12149,7498
75084,dodecyl prop-2-enoate,12513.84,18516,8746,8334.192,8694.519,5867.465,7434,5982,4861.079,4345,28298,7534.512,2069.118,6998,5787,8947,4292,2644,5472.587,4103,6870,3565,1308.594,6677,4013.883,7858,11280.89,14638,5268.434,13452,4076,5426,11660,7942,4490
8133,2-butoxyethanol  ,2234.627,5776.939,2248.653,53160.22,209308,81820,198061,62464.37,444504.4,158444,212743,1576.915,205733,104742,140184,165083,55518,22915,157450,163962,104714,54530,122111,66356,98108,237462,144498,129426,200248,409950,71290.65,29184.92,64408,37232,188026
31236,2-phenoxyethanol  ,17359,51519,17332,43049,49595,38416,24330,10291,492029,18259,115526,120582,80536,30201,75967,13991,23037,6721,8378.424,62765,48662,8592,7957,12872,4459.596,23175,65549,50988,71554,130252,3226.326,5260,11480,4645.295,20202
22568,2-phenoxyethyl acetate,3336,8759,6725,12007,25497,9564,6691,7257,30641,8770,23085,16450,5502,11431,19607,2130.123,7235,3095,2475.002,17781,4379,4998,3692,5836,6503,4492,15116,15932,1913.454,59102,1405.049,4421,4603,798.5818,3137
23229,1-(3-acetylphenyl)ethanone,30213,10836,65905,16085,5188,12077,3899,21079,15406,35809,8765,47492,9503,14034,5087,5414.912,36387,9760,3472,2302.128,2228.228,1976.978,21832,3739,324.9569,2426.212,2536.715,23055,10093,7092,813.1792,433.3603,29038,262.1863,709.4804
1183578,"[(1R,2S)-2-(4-benzylpiperidine-1-carbonyl)-3-methylidenecyclopropyl]-(4-benzylpiperidin-1-yl)methanone",1048.276,6097.214,2994,17926,2664,2181.08,2880.366,6920,14163,3427,2522,4373,18258,5734,2432.672,1945.772,19726,2885.567,1939.005,24684,2984.838,6312,6376,1297.424,4557,1975.681,11177.7,3136,2662.046,8916,2192.235,10998,9895,3071.455,6305
7500,ethylbenzene,120813.3,435.2183,23274.82,121.7135,45423,51228,54003,36647,75297,37043,36266,128315,124298,23649.32,25020,49994,17104,14682,27880.57,29542,27280,16348,61991,36224.5,39695,46606,37759,32061,30862.16,60827,8145.322,7203.368,26929.38,55656,59983
2758,"1,3,3-trimethyl-2-oxabicyclo[2.2.2]octane",4115,9180.91,15780,4489,11593,5579,31668,2893.519,34867.55,7268,11651.91,4886,39204.59,5223.566,9342,16011,1333.939,1417.143,13516,7499.341,11084,6336,18924.29,7335,2701,12920,25333,19439,23497,14207,7593,3696.128,5681,3433,11385
19602,2-pentylfuran,2804.178,15743,77864.36,42824,11261.51,11521,60366,41326,52795,70633,21155,1364.227,38257,115170,13414,23389,30439,3440.117,4821.69,28227,29500,13779,21501,2452.041,9723,5085.254,12328,4979.752,88045,6707.719,19386,28065,6616,24590,22602
160669,(2S)-5-amino-2-(methylamino)-5-oxopentanoic acid,474.26,2143.011,399.5388,34.53464,82528,97807,70073,78893,76731,89346,97733,22.71327,86877,51964.43,64750,62104,61132,47605,44870.16,46385,29008,33395,49126,57941.39,40140,85687,93246,77168,70892.85,78606,10013.49,12689.65,25626.37,54320,76381
29036,"2,6,10,14-tetramethylheptadecane",1612.522,3015,2704.067,16659,4109,1234.98,3113.69,4056.895,22424,2190.578,5503,7247,24472,2974.281,1446.187,1898.383,18618.31,3292,4303,30314,3934.924,6838,6288,2984,6335,6896,12685,1763.204,4040.525,11642,2046.361,10996,9674,2807,4477
41209,"2,6,10,15-tetramethylheptadecane",9030,8301.748,11050,7982,8496,7196,12270,12584,21449,12369,18226,40079,11756,18952,5427,3375,4767,7400,10175,7546,10753,5239,6854,3421,9702,11170,11154,9390,5378,6369,3869,3358,4292,3545,2111.984
16663,4-ethylheptane,18774,20697.22,23705,42176,25290.27,13610,18723,17948,65580.26,20988,26271.84,22831.35,69890.68,23555,16253,14701,87811.13,10680,16057,66141.47,10875.96,24070.64,59666.35,16411,21538,24948,50749,19600,24209,36982,12141.62,24043.98,23822,13544.55,26187.35
11006,hexadecane,9189,9723,15579,16650,17485,12202,21233,16673,23973,18451,24102,19668,19868,21417,9753,8134,12479,6408,9846,19770,12206,5987,4339,7045,13465,16042,12635,10854,8760,11559,8004,9584,11204,7027,8881
8697,2-ethylhexanoic acid,69689,131237.6,89552,123411,113281,143898,82318,36370,180127.1,129484,206005.9,182410,145755.1,194437.1,123267.6,36651,23652.57,27616,32142,113717.7,98060,34624,109548.7,25852,20708,24884,178522,88171,159749.2,162222,12396,9636.934,22060.05,33933,44243
557859,"3,7-dimethyloct-7-en-3-ol",4786,3214.252,6234,7313,6441,6463,4037,4884,9454,5506,11696,12879,7445,5356,5169,4381,5890,3538,3647.054,9147,2931,5361,1641.088,5709,5098,6523,11600,188882,7337,11383,4641,5298,4746,5344,2642.854
75283,2-methylsulfonylacetonitrile,22892.36,27658,46429.95,16812,295790.9,300826,183008,176580,17688,101348,91361.28,35098.47,78937,122288.1,136625,27316.95,168178,141735,1754.493,114663,172191,28663.7,24791.65,101097,45797.57,130945,28175.86,4582.54,127716,27886.36,96665,109781,97967,108405,101252
91704350,"methyl 3-cyclopropyl-2-(4-fluorophenyl)-3,4-dihydropyrazole-5-carboxylate",11357,6659,14529,14984,6142,12733,17773.62,9022,5721.46,6978,7478,8759,7904.758,11695,6080,6666,7739.915,5223,8618,8442.166,5483,4101,4624,7563,7752,11237.97,15719,3563.507,13082,9923.146,6286,7286.064,6587,6156,11162.78
4133,methyl 2-hydroxybenzoate,4793,3309,8007,5992.96,6157,3542,12358.78,3461,5628786,4389,22934,6077,5340829,3205,3029.947,109016.8,1926.586,2125.12,4426,316486.3,7982.751,5021,7325163,3231.086,4145,5049.665,10648,10836.28,210907.2,6881,5190,4357,5354,2727.571,8065
13544681,N-methyl-N-[2-(methylamino)ethyl]benzamide,63144,150867,165605.3,55758,201625,90335,231712,1242193,337968,865377,143826,65525,185629,821186,182810,197014,475315,266256,103178,102608,115151,64146,137064,73726,79964,154650,218775,120782,358399,251430,44923,69416,52194,16842.24,125861
545954,2-methyl-5-propylnonane,2925,5706,21129,6887,14617,9497,10927,7111,47644.03,4859.091,20546,22389,81927,11241,10004.94,7964,2079.728,4005.324,9514,9515.423,9855,6766,4555.644,6695,8028,11667,19388,13448,6532.331,11889,4097.434,2599.201,8626.271,3832,17075
66171,1-ethenylimidazole,2231407,4576528,4617668,1454960,9397441,1032958,4492409,1135567,1360915,1576031,1400716,554182.1,1398887,1506702,479913,896380,4503633,820623,3139692,1054118,912584,663326,108352,341068,311583,4074048,726043,7467834,2326051,3406557,4065393,1965098,1587377,80686,1374858
537332,5-ethyl-2-methyloctane,3886,3659.245,4907,3080,4988,3030,3679,4064.537,5383.992,5183,4944,40557.46,4796,5703,3315,3089,8340,2025.281,2866.835,4965.049,1739.081,1507.512,5157,2308.323,2566,5091,3740.242,4770,4148,4603,2661.963,2161.489,1802.925,1946.413,1910.719
9602988,methyl (Z)-N-hydroxybenzenecarboximidate  ,8022.338,579712,16552.84,1038726,578958,1198533,1484611,1157397,2045692,1644000,936177,6172.381,966436,1190904,628083,563390,539946,382090,264669.6,709673,982323.8,528335,530552,311353,487029,599321,746798,507916,1174192,701232,382308,623015,397634,572980,507943
7237,"1,2-xylene  ",9.24E-09,2789.542,4137.12,44921,92022,102329,122106,79758,159415,77453,70023,37.34693,261781,65258.16,49108,104648,36261,33155,77329.18,66468,63198,35600,136528,72294,86015,98689,76821,69543,70181.32,129320,34027.1,27059.45,70899.92,116171,129446
2879,4-methylphenol,150310,9814.429,19938,176018,1543772,3454.161,2031494,3058.409,19078.42,7850.916,108573,5154.151,26381,289031,10782,58196,3662.674,18886,112423,5533.181,18272.82,6170.063,3831.46,7840,1189.458,13260.98,66692,130137,20552,106989,52107,13405,6390.563,906.5491,18143
22545,7-methylpentadecane,53311,51038,73971,52733,80121,48590,58211,64878,69544,72720,77768,67460,83427,84041,47445,46123,47003,38107,47427,44902,32527,38907,46462,39280,39405,76815,74153,67739,64012,75796,41401,38353,32905,37767,36439
21205,methyl 14-methylpentadecanoate,3626,6475,8673,9148,6671,14645,9090,8997,12536,10622,10881,10840,10444,12447,6495,7324,8365,2900.603,4774,4169,12920,5370,4098.041,6412,7534,6128,6996,5222,27483,11633,7057,11399,7112,5494,4179
79983,"2,5-ditert-butylphenol  ",61765,94411,158237,60919,100745,68961,98382,445292,367497,381946,192079,131615.7,192559.7,496269,79948,51173,341925,276829,111812,84838,57080.52,95125,370107,79578,43756,53468,293544,150175,328979,231442,63598,53505,58037,47683,606513
460,2-methoxyphenol,62907,514833,222871,139263,334607,192651,268636,111987,1202188,332095,203909,203214,449890.5,211833,172260,160533,99147,60605,145089.9,134826,169275,198388,177512.7,135859,174720,415731,414041,267311,300172,265364,85468.34,133527.3,125492,44879.05,204643
8814,"4-(2,4,4-trimethylpentan-2-yl)phenol",6544,13574,10153,7473,11507,7763,8274,8906,13430,9813,20226,14705,25795,15902,9111,4213,4389,6499,6980,6645,7405,6808,5699,4152,3840,4338,13646,8114,10468,6036,3551,3853,4536,3099,4442
6643,4-(2-methylbutan-2-yl)phenol,5086.569,11481,7278,5842,8392,6062.463,5998,7549,11512.65,8332,16517,11018.52,22475,13287.05,7370,3169,4174,5104.356,4965.877,4812,6413,5234,3995,3259,3365.676,3200.242,9266,6001.142,9162,5290,2976,2881.272,3092,2826.771,3245
6054,2-phenylethanol,8879,12937.98,36553,11167.68,20241,25821.68,16496,7071,33128.26,21788,19495.15,27639.26,29481.01,26547.52,18123.83,7967,5465,8912,12530,15203.53,13083.06,10515,17081.54,5879,33580,12327,15393.26,24995,29666.55,41671,15691,5415,21547,4680,9086
522537,(2-ethyl-3-hydroxyhexyl) 2-methylpropanoate,4743,5676,9188,3640,6533,3944,5311.277,371848.8,15764,237445,5648,459.3769,8122,202711,4394,7302,140945,93556.56,7518.058,7880,2476.506,2737,4484,3010,2766.237,4348,8351,6249,74553,6475.765,2706.371,2220.585,3269,1734.818,3436.858
85071,prop-2-enyl 2-methylpropanoate  ,2120529,1687913,6058455,1759814,3140440,1367015,1601399,1978799,3689064,1450753,2579549,3116643,2658358,2351458,2579142,325358,304112,2517808,898927,1425846,2761250,2023398,1534575,335056,325817,462902,4552353,2549427,580663,575085,292693,292337,333593,272447,842137
622436,trimethyl-[2-trimethylsilyloxy-1-(4-trimethylsilyloxyphenyl)ethoxy]silane,45038,52079,58073,641762.8,79668,57551,76843,79552,1285904,81142,92436,101383,1375627,103382,56354,51430,785062.6,59916,70870,551657,61894,325488,334142,43955.28,45472,75068,696799.7,102417,77243,491484,50507,412140,383653,52681,351068
7147,1-phenylpropan-1-ol,16630,20949.5,40895,44977,44781,26492.88,54561.9,30131,114074.4,47291,27044,47756,95653,51674,28452.21,37892.51,50617,17022,33106.96,58515,37031,25053.38,46112,15067,25109,28143,60271,61121,29426.75,48261,18579,20268,28544.91,10413,35679
91726212,4-O-[2-(2-chlorophenoxy)ethyl] 1-O-ethyl butanedioate,13809.07,17348,16660.45,5068.605,23339,18028,2373,6196,22975,4928.248,22024.42,15469,16817,2436.057,9953,5301.018,4822,12818,14915,5698.246,4682.451,5715,2190.137,8498.846,2618.275,9070.57,13202,18584,12932,12042,6478.916,3316.195,7958,1637.731,4809.148
91702361,"4-O-(3,7-dimethyloct-6-enyl) 1-O-propyl butanedioate",27452.47,14546,59722,14171,17424,17500,15878,22799,2808.742,20409,19623,36840,3218,14527,12385,12235,11729,8478,14272,8301,6169,6719,1415.636,9757,1781.229,8649,22146,30893,5953,10631,4037,2728.193,21015,1789.681,5600
11230,4-methyl-1-propan-2-ylcyclohex-3-en-1-ol,24206.84,36320,219019,16363,39114.64,17759,56979,17779.47,57822,32262.09,30548,24572,75963,33457,22222.4,26701,11190,18191.6,25411,26400,19797,14050,25104,14887,8101,27471,59669,35622,46904,121786.5,13317,19020.03,15499,8583.555,21027
12388,tridecane,32602,71140,53404,165584,155840.9,29781.28,103475.5,51650.17,244068,35175.22,63418.38,108999.5,87730,39726.98,24960.66,31394.81,204424,48462,58470,271372,40235,22115,115160,52548.38,63367,91373,47371,67126.43,85611.46,155569,41356,120701,105552,48426.36,13367
31355,tris(2-methylpropyl) phosphate ,66785,74375,93472,65342,101347,85336,97625,80290,94872,97176,120206,134288,123569,130538,58659,45988,60009,46203,60296,60959,43175,43946,37349,40531,30338,61192,91781,94289,99306,75162,31555,42370,40235,36490,1901.383
14257,undecane,237520,308810,412265,364605,464135,265938,354920,364165,510818,394713,444579,415806,613527,482834,277341,300135,445883,215576,315802,423064,209320,277016,395078,250067,258646,435549,506651,387231,403001,547871,247616,264382.5,251275,255170,284137